Energy Consumption,Power Consumption,Temperature,Speed,Bus
1.67,19.96,58.39,11.96,22901
1.91,19.80,58.72,10.38,22901
1.94,20.83,59.83,10.76,22901
1.71,22.62,61.20,13.23,22901
1.81,20.44,63.44,11.32,22901
1.03,23.80,64.26,23.11,22901
1.64,18.96,66.94,11.54,22901
1.69,20.31,69.89,12.04,22901
1.74,22.35,54.20,12.81,22901
2.57,47.60,53.82,18.49,22901
2.19,23.78,53.25,10.85,22901
1.93,21.08,56.82,10.92,22901
2.28,28.24,60.58,12.39,22901
1.79,19.25,64.36,10.74,22901
2.21,35.70,66.02,16.18,22901
1.76,20.31,67.81,11.55,22901
1.75,21.21,69.58,12.15,22901
2.22,25.10,47.28,11.32,22901
2.36,26.45,47.07,11.19,22901
2.56,24.78,52.85,9.70,22901
2.20,34.52,53.02,15.72,22901
1.76,21.11,58.87,12.02,22901
1.70,20.12,63.98,11.85,22901
2.39,39.00,65.61,16.31,22901
1.91,20.39,67.29,10.70,22901
2.06,24.00,69.69,11.67,22901
2.16,30.65,49.57,14.22,22901
1.94,28.55,49.44,14.72,22901
2.03,23.23,49.85,11.46,22901
2.12,23.99,51.71,11.30,22901
3.06,37.79,54.09,12.36,22901
2.01,26.36,54.96,13.14,22901
1.86,23.41,62.48,12.57,22901
1.68,21.37,67.75,12.70,22901
1.60,20.98,71.38,13.14,22901
1.81,18.05,72.96,9.95,22901
1.46,13.44,72.88,9.23,22901
1.32,15.88,64.72,12.05,22901
1.36,17.46,61.75,12.85,22901
1.17,12.88,60.47,10.98,22901
1.46,13.87,60.64,9.50,22901
1.32,17.18,59.49,13.01,22901
2.01,103.55,49.56,51.58,22901
1.97,61.88,52.00,31.41,22901
1.53,15.15,58.17,9.91,22901
2.07,22.68,51.25,10.94,22901
2.35,22.41,47.51,9.55,22901
2.60,34.41,45.05,13.25,22901
2.38,28.89,39.18,12.14,22901
2.51,27.32,41.08,10.90,22901
2.17,26.67,45.41,12.30,22901
1.86,24.00,49.46,12.92,22901
1.95,23.16,53.44,11.87,22901
1.47,18.13,55.39,12.37,22901
1.50,19.67,56.56,13.11,22901
3.46,34.22,41.85,9.88,22901
2.42,24.19,43.44,10.01,22901
2.62,27.31,39.10,10.42,22901
3.43,23.32,37.05,6.79,22901
2.95,30.32,32.92,10.29,22901
2.96,35.12,37.81,11.85,22901
2.44,25.67,42.52,10.52,22901
2.66,27.80,45.19,10.45,22901
2.50,23.96,45.99,9.58,22901
2.71,25.74,41.16,9.51,22901
3.10,21.08,38.77,6.79,22901
2.72,28.89,36.60,10.62,22901
2.88,26.72,39.12,9.27,22901
2.58,23.96,42.11,9.27,22901
2.32,30.62,43.34,13.20,22901
2.69,21.82,43.98,8.11,22901
2.37,31.43,43.51,13.26,22901
3.00,30.54,31.77,10.18,22901
2.61,26.98,39.56,10.35,22901
2.14,22.24,43.37,10.39,22901
2.26,30.13,43.80,13.32,22901
3.80,43.01,43.09,11.31,22901
3.05,29.50,42.21,9.68,22901
3.34,37.63,38.80,11.26,22901
3.15,43.26,36.82,13.73,22901
2.73,45.50,35.96,16.67,22901
2.90,45.10,36.66,15.56,22901
2.61,43.16,37.21,16.52,22901
2.71,43.28,37.09,15.96,22901
1.59,17.42,53.09,10.95,22901
2.87,35.09,47.72,12.24,22901
2.71,35.94,44.26,13.25,22901
2.54,38.09,42.26,15.01,22901
3.16,37.98,41.11,12.01,22901
2.56,37.64,39.81,14.73,22901
2.89,46.07,39.25,15.93,22901
2.53,40.41,38.62,15.96,22901
2.62,25.95,35.48,9.90,22901
2.44,29.73,43.12,12.20,22901
1.93,40.33,43.12,20.88,22901
1.75,19.32,51.12,11.04,22901
1.83,17.63,55.75,9.64,22901
1.63,18.94,57.29,11.59,22901
1.58,23.87,57.04,15.14,22901
2.10,26.98,53.65,12.82,22901
2.74,17.21,54.32,6.28,22901
1.62,23.50,46.13,14.54,22901
2.24,22.38,56.39,10.01,22901
2.73,31.46,53.94,11.54,22901
3.03,33.17,51.08,10.94,22901
3.08,33.23,46.56,10.80,22901
3.52,31.39,42.06,8.91,22901
3.34,35.39,39.20,10.59,22901
3.00,29.75,35.20,9.91,22901
2.83,28.66,38.11,10.13,22901
2.61,27.08,41.42,10.37,22901
2.49,30.99,42.48,12.43,22901
3.01,31.41,29.88,10.43,22901
2.79,29.94,33.85,10.73,22901
2.44,24.61,38.09,10.10,22901
2.38,24.45,42.86,10.28,22901
2.31,30.93,45.51,13.42,22901
3.01,30.19,47.38,10.02,22901
2.91,35.00,42.44,12.01,22901
2.89,36.36,37.96,12.60,22901
2.90,43.03,36.91,14.82,22901
3.26,42.07,37.12,12.91,22901
2.80,40.40,37.13,14.45,22901
2.81,39.13,35.83,13.94,22901
1.99,20.81,55.08,10.46,22901
3.06,40.59,55.02,13.24,22901
2.25,26.72,55.64,11.87,22901
1.96,28.79,55.90,14.69,22901
2.69,40.18,55.92,14.93,22901
2.00,40.48,55.98,20.21,22901
2.65,39.07,55.90,14.75,22901
2.50,34.23,55.87,13.71,22901
2.63,27.94,46.82,10.61,22901
2.48,23.78,49.06,9.58,22901
2.39,32.06,47.30,13.43,22901
2.61,32.72,46.78,12.55,22901
2.40,34.26,45.96,14.28,22901
2.19,32.71,45.14,14.91,22901
2.05,27.83,43.72,13.60,22901
3.72,34.85,43.42,9.36,22901
3.10,38.27,38.79,12.36,22901
2.95,43.02,36.78,14.60,22901
2.87,37.31,36.18,12.99,22901
2.86,40.30,34.86,14.10,22901
2.88,40.38,34.56,14.02,22901
2.87,35.05,32.75,12.22,22901
2.74,35.72,38.36,13.05,22901
2.61,35.68,41.10,13.69,22901
2.62,29.36,42.03,11.23,22901
2.70,32.92,42.59,12.20,22901
2.53,31.74,42.40,12.57,22901
3.04,29.60,34.74,9.73,22901
2.78,25.31,39.87,9.09,22901
2.75,32.10,41.54,11.67,22901
3.07,35.05,25.98,11.42,22901
3.24,36.61,28.87,11.29,22901
2.71,25.91,32.29,9.55,22901
2.36,25.01,37.28,10.59,22901
2.26,28.61,40.37,12.68,22901
1.58,16.34,36.01,10.37,22901
2.59,27.82,32.19,10.73,22901
2.73,38.62,32.45,14.13,22901
2.65,39.06,31.86,14.72,22901
2.42,26.72,33.52,11.02,22901
3.14,28.79,36.22,9.17,22901
2.66,33.56,40.78,12.61,22901
2.46,24.14,45.45,9.80,22901
2.67,27.74,44.55,10.39,22901
2.72,28.49,42.08,10.47,22901
3.00,42.00,43.02,13.98,22901
3.47,34.63,43.02,9.97,22901
2.91,40.89,42.82,14.07,22901
3.23,32.20,42.80,9.98,22901
2.89,42.25,42.80,14.63,22901
3.00,34.66,42.73,11.54,22901
2.50,38.49,35.21,15.39,22901
2.67,30.57,40.33,11.47,22901
3.70,69.00,43.32,18.64,22901
2.76,34.52,42.45,12.49,22901
2.56,29.94,42.90,11.72,22901
3.41,37.15,29.18,10.89,22901
2.95,31.16,33.50,10.55,22901
2.78,32.23,35.36,11.59,22901
2.87,27.57,35.61,9.60,22901
2.95,37.26,35.73,12.64,22901
2.87,27.91,34.36,9.73,22901
2.73,26.09,33.24,9.56,22901
2.92,37.43,31.28,12.81,22901
3.06,27.32,34.89,8.93,22901
2.98,29.84,39.29,10.00,22901
3.49,35.21,27.33,10.10,22901
2.96,32.23,27.26,10.90,22901
3.15,30.57,31.22,9.70,22901
2.80,28.12,35.80,10.03,22901
2.70,32.95,37.33,12.19,22901
3.13,30.45,31.63,9.74,22901
2.24,21.56,45.44,9.60,22901
3.08,29.89,31.25,9.71,22901
2.51,25.52,40.72,10.15,22901
2.05,20.06,48.88,9.79,22901
1.83,24.05,52.05,13.14,22901
2.97,30.67,36.26,10.32,22901
2.39,24.64,44.00,10.31,22901
1.80,17.24,55.47,9.58,22901
1.77,22.12,59.06,12.48,22901
2.03,21.93,49.42,10.78,22901
2.20,20.42,51.78,9.27,22901
2.13,21.44,54.20,10.06,22901
2.22,23.08,46.82,10.39,22901
2.43,23.71,52.94,9.74,22901
2.19,23.26,49.48,10.61,22901
2.20,23.96,51.43,10.89,22901
2.01,22.43,54.01,11.14,22901
2.17,23.82,56.10,10.98,22901
1.86,23.11,59.39,12.45,22901
1.27,13.79,65.65,10.85,22901
1.62,10.84,63.02,6.70,22901
2.19,23.36,58.72,10.66,22901
2.86,31.37,54.93,10.96,22901
3.01,36.61,52.17,12.16,22901
2.59,39.23,49.62,15.12,22901
2.93,42.58,48.44,14.53,22901
3.09,38.79,47.37,12.57,22901
2.72,41.78,47.14,15.34,22901
3.07,42.44,46.56,13.82,22901
3.19,42.27,45.21,13.25,22901
2.94,40.52,43.81,13.79,22901
2.94,39.42,42.87,13.43,22901
2.62,39.18,42.58,14.98,22901
2.86,39.76,41.32,13.91,22901
2.90,32.65,39.33,11.24,22901
2.43,26.29,43.77,10.82,22901
2.58,32.55,42.63,12.60,22901
2.94,31.58,39.91,10.73,22901
2.69,31.74,37.07,11.80,22901
2.96,30.04,39.23,10.16,22901
2.52,32.17,39.11,12.78,22901
2.84,25.86,39.05,9.12,22901
2.94,31.49,36.70,10.71,22901
2.78,28.49,31.91,10.25,22901
2.81,37.72,35.08,13.44,22901
2.60,26.22,41.05,10.09,22901
2.34,30.89,43.46,13.18,22901
2.92,30.10,30.71,10.29,22901
2.58,26.91,38.14,10.41,22901
2.08,25.27,42.61,12.17,22901
2.17,26.81,43.96,12.34,22901
2.05,28.78,43.97,14.06,22901
2.73,26.57,41.29,9.74,22901
2.40,22.54,51.16,9.37,22901
1.68,19.90,55.92,11.85,22901
1.92,24.76,53.43,12.88,22901
2.16,19.22,53.25,8.91,22901
2.15,23.13,52.23,10.74,22901
1.93,25.53,49.80,13.22,22901
2.44,23.04,47.43,9.44,22901
2.69,27.88,35.68,10.37,22901
2.85,30.20,30.28,10.59,22901
3.05,42.39,43.48,13.91,22901
4.01,23.83,43.48,5.95,22901
3.65,25.37,43.48,6.95,22901
2.28,21.10,43.90,9.27,22901
2.05,21.57,44.49,10.51,22901
2.39,16.92,45.37,7.09,22901
2.11,20.52,45.38,9.71,22901
1.81,20.50,47.68,11.33,22901
2.52,26.98,49.79,10.69,22901
2.49,29.32,47.05,11.79,22901
2.61,30.46,45.62,11.67,22901
2.94,30.80,44.10,10.48,22901
2.74,31.22,41.78,11.41,22901
2.40,29.84,39.83,12.46,22901
1.96,12.89,45.86,6.59,22901
1.97,17.91,45.54,9.09,22901
2.63,27.51,43.88,10.45,22901
2.64,28.02,41.94,10.60,22901
2.56,34.54,41.51,13.51,22901
2.59,32.00,41.40,12.35,22901
2.49,31.62,40.42,12.69,22901
2.05,32.59,37.94,15.92,22901
2.37,34.90,39.19,14.73,22901
2.34,35.62,40.54,15.19,22901
2.36,33.42,39.97,14.15,22901
1.85,27.23,40.78,14.75,22901
2.58,34.09,39.52,13.20,22901
2.45,30.77,38.51,12.57,22901
2.92,34.53,38.03,11.82,22901
2.70,32.72,37.65,12.13,22901
2.57,35.47,37.30,13.82,22901
2.59,36.35,37.42,14.01,22901
2.69,34.99,37.63,13.03,22901
2.91,29.04,38.24,9.96,22901
3.04,30.42,38.58,10.01,22901
3.41,28.89,38.11,8.47,22901
2.87,30.39,38.15,10.58,22901
3.18,23.01,42.78,7.25,22901
2.48,25.80,43.68,10.39,22901
2.67,24.90,44.87,9.33,22901
2.36,24.98,45.71,10.60,22901
2.44,13.48,45.14,5.53,22903
2.24,7.58,45.99,3.39,22903
2.81,27.64,35.10,9.83,22901
2.62,27.18,41.28,10.37,22901
2.99,49.16,40.38,16.42,22903
2.55,35.12,35.62,13.80,22901
2.77,36.88,36.15,13.29,22901
2.69,35.43,39.39,13.19,22901
2.69,35.05,43.46,13.02,22901
2.42,30.84,48.29,12.72,22901
2.20,28.62,51.35,13.00,22901
2.53,40.99,51.55,16.21,22901
2.74,13.72,50.87,5.02,22901
2.19,25.03,50.36,11.41,22901
2.03,27.13,49.73,13.36,22901
2.53,27.80,48.78,10.99,22901
2.43,30.07,47.84,12.37,22901
2.19,24.69,46.81,11.25,22901
2.33,29.61,45.30,12.71,22901
2.26,30.09,44.69,13.34,22901
2.86,23.22,43.93,8.11,22901
2.45,29.99,43.05,12.22,22901
2.44,23.67,38.36,9.72,22901
2.34,29.12,40.95,12.42,22901
2.37,21.64,45.93,9.11,22901
2.18,17.55,51.39,8.06,22901
2.05,23.71,52.78,11.56,22901
2.28,19.94,43.96,8.76,22903
2.22,25.45,37.78,11.47,22901
1.39,34.51,37.06,24.82,22901
2.65,26.30,36.92,9.91,22903
2.42,28.07,37.07,11.59,22903
2.71,20.65,36.62,7.63,22903
2.59,24.62,36.98,9.50,22901
2.76,38.39,33.06,13.91,22901
2.70,21.29,34.78,7.89,22903
2.43,26.69,37.33,10.97,22903
2.14,24.72,31.94,11.57,22901
2.68,27.46,37.65,10.23,22901
2.74,33.50,35.56,12.21,22901
3.48,53.70,35.08,15.45,22901
2.76,28.45,34.26,10.32,22901
2.67,25.22,34.18,9.45,22901
2.33,26.94,28.45,11.58,22901
3.46,31.07,20.70,8.99,22901
3.06,31.82,15.24,10.39,22901
2.85,42.00,16.01,14.76,22901
2.68,38.72,20.28,14.43,22901
2.72,39.84,23.12,14.67,22901
2.69,39.64,26.20,14.75,22901
2.07,60.41,47.46,29.19,22901
1.84,30.64,48.33,16.63,22901
1.73,29.27,49.95,16.89,22901
1.73,28.73,47.25,16.63,22901
1.93,34.12,43.75,17.71,22901
1.89,30.80,42.86,16.31,22901
2.57,23.83,41.77,9.27,22901
2.03,82.43,34.54,40.52,22903
2.31,83.16,48.18,35.97,22903
3.53,23.55,34.23,6.68,22901
2.05,23.44,33.70,11.43,22901
2.95,27.91,42.97,9.46,22901
2.96,35.92,40.37,12.14,22901
2.86,28.21,39.89,9.86,22901
6.20,41.78,30.53,6.74,22902
2.33,95.07,43.20,40.78,22902
1.73,52.54,45.41,30.37,22902
1.75,29.18,43.25,16.63,22903
2.03,30.83,45.33,15.16,22903
2.10,30.52,43.05,14.55,22903
2.25,39.46,40.73,17.57,22903
1.93,27.78,40.33,14.38,22903
2.14,40.21,39.74,18.81,22903
4.48,19.28,39.99,4.30,22901
1.64,18.85,45.01,11.50,22901
2.23,27.44,37.80,12.28,22903
1.87,32.12,56.11,17.16,22903
1.73,70.17,46.42,40.59,22901
2.04,34.20,38.50,16.73,22903
1.97,27.99,41.14,14.21,22903
2.14,23.32,59.93,10.91,22903
3.43,28.70,58.78,8.36,22903
2.22,27.82,58.53,12.52,22903
2.13,26.24,57.97,12.31,22903
2.24,26.31,58.77,11.76,22903
2.35,26.81,58.51,11.39,22903
2.07,28.78,59.01,13.91,22903
1.93,24.22,58.91,12.57,22903
1.57,23.87,56.88,15.20,22901
1.71,47.43,56.10,27.82,22901
1.59,17.18,57.15,10.79,22903
1.41,19.41,56.52,13.81,22903
1.63,65.16,57.23,40.07,22903
1.54,21.99,54.00,14.25,22903
1.43,26.04,47.16,18.26,22903
1.38,26.20,45.08,19.03,22903
1.39,28.95,45.10,20.82,22903
2.94,37.86,47.44,12.90,22901
2.61,24.93,45.63,9.54,22901
2.81,30.77,39.57,10.95,22901
2.46,31.12,38.30,12.63,22901
2.31,31.93,36.96,13.81,22901
2.83,34.50,36.61,12.19,22901
2.42,34.24,35.92,14.15,22901
2.54,35.65,35.92,14.03,22901
1.56,22.05,41.38,14.11,22903
1.50,21.91,46.90,14.65,22903
2.80,30.33,35.42,10.81,22901
2.26,30.80,40.95,13.65,22901
1.63,53.30,43.47,32.75,22903
1.42,23.80,44.01,16.73,22903
1.58,22.08,44.54,13.97,22903
1.54,26.25,41.30,17.02,22903
1.58,24.46,40.22,15.49,22903
1.98,13.59,54.67,6.87,22901
2.59,24.15,38.15,9.33,22901
2.37,27.37,45.27,11.55,22901
1.72,14.77,48.06,8.58,22901
1.99,20.17,51.64,10.15,22901
2.01,24.28,54.43,12.07,22901
3.05,22.46,47.46,7.36,22902
1.53,61.26,51.40,40.17,22902
1.49,18.87,49.32,12.65,22903
1.45,14.59,51.40,10.05,22903
1.36,14.98,54.18,11.04,22903
1.75,33.23,43.74,18.96,22901
1.77,29.13,44.28,16.43,22901
1.53,24.55,48.62,16.00,22901
1.54,21.89,54.38,14.25,22901
1.42,14.03,65.96,9.89,22901
1.91,17.59,60.74,9.23,22901
1.50,16.90,59.03,11.24,22901
1.77,25.07,59.29,14.14,22901
1.25,14.41,59.60,11.51,22901
1.76,20.42,59.98,11.63,22901
1.75,21.10,60.15,12.09,22901
1.73,17.49,66.50,10.09,22902
1.75,21.45,64.39,12.26,22902
2.02,23.44,61.21,11.59,22902
1.76,23.06,59.14,13.09,22902
1.83,21.16,59.10,11.55,22902
1.93,22.94,59.32,11.88,22902
1.86,23.00,59.81,12.37,22902
1.83,24.22,60.10,13.21,22902
1.67,29.78,66.41,17.85,22903
1.22,16.81,59.00,13.74,22901
1.40,15.92,56.17,11.35,22901
2.59,28.95,55.35,11.17,22901
2.28,33.54,54.65,14.68,22901
2.45,34.96,54.01,14.29,22901
2.09,29.45,53.37,14.11,22901
1.87,23.54,52.90,12.60,22901
2.15,28.66,53.12,13.35,22901
2.18,22.00,49.84,10.08,22902
2.05,24.91,55.87,12.13,22902
1.82,18.59,59.84,10.20,22902
1.73,19.72,62.26,11.43,22902
1.69,18.56,63.35,11.01,22902
2.15,25.37,60.90,11.78,22902
2.35,61.66,53.33,26.26,22903
1.44,25.39,52.19,17.59,22903
1.44,22.15,49.53,15.37,22903
1.46,22.52,55.93,15.43,22903
1.41,22.24,55.25,15.73,22903
1.65,23.38,54.59,14.19,22903
1.50,23.88,53.76,15.96,22903
1.59,22.67,53.11,14.30,22903
1.69,29.93,53.03,17.73,22903
2.15,13.16,59.21,6.11,22901
2.42,21.24,58.04,8.80,22901
2.29,26.61,57.97,11.60,22901
2.30,20.82,58.05,9.04,22901
2.20,18.51,59.29,8.41,22901
1.98,24.59,61.42,12.42,22901
1.64,22.07,61.90,13.44,22901
2.45,24.59,52.30,10.05,22901
2.40,57.16,57.09,23.85,22902
1.41,27.59,57.78,19.59,22902
1.61,26.13,59.34,16.27,22902
1.65,26.41,58.11,16.03,22902
1.83,29.43,57.92,16.07,22902
1.81,25.98,58.43,14.39,22902
2.05,31.39,50.35,15.30,22902
1.96,45.61,49.05,23.30,22902
1.82,20.35,58.82,11.21,22903
1.63,20.03,58.81,12.29,22903
2.52,38.86,30.02,15.44,22901
2.71,38.40,35.93,14.15,22901
2.25,32.76,41.27,14.58,22901
2.64,29.57,28.55,11.22,22902
2.29,23.46,37.02,10.26,22902
1.67,50.74,52.32,30.42,22901
1.28,21.25,52.71,16.63,22901
1.74,28.57,52.38,16.38,22901
1.75,30.09,49.27,17.15,22901
1.91,28.45,46.68,14.88,22901
1.95,29.84,46.36,15.31,22901
1.70,17.64,51.68,10.41,22902
1.97,20.54,46.69,10.42,22902
2.04,21.61,47.28,10.62,22902
2.76,28.24,48.04,10.25,22903
2.31,24.85,48.71,10.76,22901
1.61,21.76,57.09,13.52,22901
1.47,21.72,59.75,14.82,22901
1.85,21.49,47.53,11.59,22902
1.70,31.69,45.65,18.64,22902
2.01,34.11,47.86,16.95,22902
2.04,36.57,50.14,17.94,22902
1.83,23.64,51.55,12.89,22902
1.89,35.12,53.67,18.62,22902
1.85,29.48,57.69,15.95,22902
3.04,29.02,47.54,9.54,22903
1.66,24.63,57.71,14.87,22903
1.50,22.21,60.88,14.77,22903
1.67,21.54,59.68,12.90,22903
1.76,38.62,57.00,21.89,22903
1.68,24.44,54.50,14.51,22903
1.92,15.85,54.77,8.26,22901
1.33,16.46,41.63,12.41,22902
1.84,24.51,42.97,13.32,22902
1.51,22.56,50.03,14.99,22902
1.97,33.95,54.77,17.24,22902
1.94,24.12,41.58,12.44,22903
3.36,38.03,44.70,11.31,22903
2.44,26.50,51.93,10.86,22903
1.70,19.61,55.08,11.51,22903
3.22,37.07,55.18,11.52,22903
2.29,31.82,54.70,13.90,22903
2.80,36.05,54.15,12.86,22903
2.89,34.13,50.71,11.82,22903
2.64,33.03,47.09,12.53,22903
7.72,20.47,46.74,2.65,22903
2.75,30.98,45.68,11.27,22903
2.80,30.99,45.00,11.06,22903
2.14,19.45,41.79,9.09,22901
2.03,32.34,35.28,15.90,22902
2.40,34.43,34.94,14.34,22902
2.51,29.84,40.42,11.88,22902
1.88,30.10,43.24,16.04,22902
2.30,33.86,41.76,14.72,22902
2.51,33.15,40.99,13.22,22902
2.76,35.82,40.56,12.98,22902
2.69,28.14,40.48,10.45,22902
2.64,32.08,40.77,12.17,22902
2.84,29.33,40.93,10.32,22902
2.58,38.80,41.54,15.02,22902
3.76,25.64,41.49,6.82,22903
2.73,21.94,34.77,8.04,22903
2.86,26.94,35.06,9.41,22903
2.71,29.12,38.34,10.75,22903
2.59,29.85,40.57,11.51,22903
2.29,24.38,42.16,10.63,22903
2.44,26.14,43.27,10.71,22903
2.36,24.51,43.75,10.40,22903
2.29,27.85,44.15,12.14,22903
2.57,21.88,44.62,8.50,22903
2.67,27.09,44.33,10.16,22903
2.37,24.17,42.67,10.18,22903
2.36,22.88,41.43,9.70,22903
2.25,27.04,40.61,12.00,22903
2.49,26.06,40.32,10.45,22903
2.30,27.60,40.79,11.99,22903
2.57,30.06,41.17,11.67,22903
2.40,29.41,41.54,12.25,22903
1.60,20.66,44.68,12.94,22901
1.56,22.20,49.52,14.28,22901
1.11,13.13,57.85,11.87,22901
1.18,13.60,62.18,11.55,22901
2.08,37.61,41.88,18.08,22902
1.76,19.53,41.73,11.10,22902
1.72,24.41,42.60,14.22,22902
1.56,21.14,50.80,13.58,22902
1.63,28.36,61.84,17.39,22902
2.12,29.84,41.88,14.09,22903
2.06,27.51,41.77,13.39,22903
2.78,28.00,41.68,10.06,22903
2.48,26.87,41.85,10.82,22903
2.49,28.47,42.75,11.41,22903
2.03,27.76,43.12,13.68,22903
2.51,30.37,45.23,12.10,22903
2.01,24.66,48.92,12.30,22903
1.65,17.68,51.39,10.70,22903
1.59,12.97,53.40,8.16,22903
2.24,20.46,57.18,9.14,22903
1.62,18.46,47.95,11.37,22901
2.84,26.40,41.36,9.28,22901
2.18,25.24,46.99,11.59,22902
2.27,20.98,47.97,9.23,22902
1.99,20.16,48.86,10.11,22902
2.04,26.92,49.45,13.21,22902
2.14,27.20,47.10,12.68,22903
2.17,25.73,47.95,11.86,22903
1.82,16.46,49.32,9.02,22903
1.71,15.63,49.22,9.14,22903
2.02,16.97,48.98,8.40,22903
2.02,20.22,48.29,10.02,22903
2.23,18.67,46.38,8.37,22903
2.46,23.88,44.79,9.71,22903
2.71,22.99,42.82,8.49,22903
4.30,21.82,30.41,5.07,22901
2.63,26.80,32.89,10.20,22901
2.22,37.99,28.37,17.14,22902
2.17,34.18,31.68,15.77,22902
2.07,40.31,32.06,19.47,22902
2.12,42.81,33.21,20.20,22902
2.64,38.89,26.77,14.71,22903
2.61,39.00,31.48,14.93,22903
8.66,23.23,32.02,2.68,22903
2.75,44.32,32.53,16.14,22903
2.52,37.97,34.01,15.10,22903
2.55,30.40,28.66,11.91,22901
2.25,31.50,39.33,13.99,22901
1.90,28.87,49.07,15.17,22901
1.88,23.46,51.12,12.47,22901
2.07,53.98,47.71,26.08,22902
1.29,20.93,48.89,16.20,22902
1.37,20.52,50.64,15.01,22902
1.92,30.52,49.77,15.88,22902
2.00,35.39,46.71,17.66,22902
1.87,30.29,44.19,16.20,22902
2.48,25.39,45.41,10.26,22903
2.36,22.63,41.46,9.60,22901
2.70,23.82,37.13,8.82,22901
2.66,24.78,36.06,9.33,22901
2.53,28.03,32.25,11.09,22902
2.86,31.06,34.80,10.85,22902
2.48,26.92,39.15,10.87,22902
2.26,33.68,42.82,14.90,22902
2.10,25.31,45.09,12.05,22902
1.87,17.91,47.11,9.60,22902
1.87,25.90,48.64,13.84,22902
2.73,32.55,37.80,11.91,22903
2.14,29.12,32.50,13.60,22903
1.83,22.55,42.29,12.34,22903
1.74,27.73,37.15,15.90,22901
2.03,40.62,40.28,20.04,22901
2.12,25.89,41.99,12.18,22901
2.19,35.69,37.72,16.29,22901
3.48,40.33,35.78,11.60,22901
1.96,28.71,38.34,14.63,22902
2.05,28.39,37.95,13.82,22902
1.97,29.60,39.76,15.01,22902
1.61,17.06,40.10,10.60,22902
2.10,21.35,40.43,10.16,22902
2.72,25.18,40.92,9.27,22902
2.62,21.35,41.48,8.15,22902
2.50,22.17,42.40,8.87,22902
2.57,23.88,42.64,9.27,22902
2.36,24.49,41.85,10.39,22902
2.34,24.49,40.32,10.46,22902
3.10,29.30,38.25,9.45,22903
3.11,35.47,39.97,11.41,22903
3.11,27.49,40.15,8.84,22903
2.64,35.09,40.52,13.27,22903
1.88,20.96,38.62,11.16,22901
1.92,34.79,50.79,18.15,22901
2.27,26.27,50.31,11.59,22902
2.26,23.37,48.18,10.34,22902
2.25,30.79,46.54,13.66,22902
2.44,23.72,44.35,9.72,22902
2.28,29.85,43.10,13.07,22902
2.70,40.87,30.16,15.16,22903
2.38,44.97,30.66,18.86,22903
2.59,36.72,30.41,14.15,22903
2.46,31.23,37.66,12.68,22903
2.26,21.44,49.50,9.49,22903
2.25,21.49,46.49,9.55,22903
2.33,26.20,44.12,11.23,22903
2.38,24.54,43.33,10.31,22903
2.31,28.97,43.07,12.54,22903
1.18,10.52,56.30,8.91,22901
1.11,11.17,57.25,10.02,22901
1.93,17.29,57.55,8.95,22901
1.96,17.39,57.42,8.87,22901
1.94,16.60,56.62,8.55,22901
1.63,18.14,55.64,11.13,22901
1.72,15.91,54.91,9.27,22901
1.62,17.57,54.11,10.81,22901
2.21,31.15,42.76,14.11,22903
1.73,21.18,42.79,12.21,22903
1.79,24.78,44.11,13.81,22903
1.61,22.59,50.86,14.04,22903
1.80,34.32,57.16,19.07,22903
2.45,29.88,37.82,12.19,22901
2.02,26.31,43.50,13.05,22901
1.78,32.22,43.92,18.15,22901
2.72,25.26,39.56,9.27,22901
2.64,31.85,38.82,12.08,22901
2.59,32.61,39.24,12.58,22901
2.68,26.30,42.64,9.80,22901
2.05,24.97,41.55,12.20,22902
2.39,38.49,40.56,16.12,22902
2.90,19.63,39.27,6.77,22903
2.76,30.99,44.80,11.23,22903
2.91,33.42,45.60,11.50,22903
2.55,33.48,45.95,13.13,22903
2.74,26.86,45.64,9.79,22903
2.86,28.16,40.40,9.84,22903
2.90,28.03,41.49,9.68,22903
1.98,29.83,45.05,15.11,22903
1.75,31.64,46.90,18.08,22901
2.00,29.75,48.25,14.89,22901
2.34,28.82,48.51,12.31,22901
2.23,30.70,49.17,13.79,22901
2.01,29.57,50.11,14.72,22902
2.18,27.64,49.00,12.69,22902
1.94,28.13,46.92,14.47,22902
2.33,28.11,43.31,12.04,22902
2.96,23.72,46.90,8.02,22903
2.43,33.56,48.93,13.81,22903
1.72,44.96,56.61,26.13,22903
1.69,29.06,57.08,17.20,22903
1.66,28.20,56.82,17.00,22903
1.68,27.75,54.42,16.50,22903
1.89,30.59,50.96,16.20,22903
1.85,30.91,47.85,16.67,22903
1.66,18.74,43.29,11.32,22901
1.29,12.89,54.68,9.95,22901
1.71,20.34,52.21,11.90,22901
2.10,22.70,45.89,10.82,22901
1.83,21.96,45.16,11.99,22901
1.97,25.78,44.86,13.07,22901
2.00,23.78,44.89,11.89,22901
1.89,18.58,53.60,9.82,22902
2.50,26.39,45.89,10.54,22902
2.32,25.23,44.83,10.88,22902
2.26,31.40,44.92,13.91,22902
2.78,27.99,35.15,10.07,22903
3.26,35.60,35.33,10.93,22903
2.57,31.15,40.71,12.10,22903
2.68,26.55,42.71,9.91,22903
2.00,24.42,44.04,12.22,22903
2.69,24.49,46.62,9.11,22903
1.77,21.79,48.47,12.29,22903
2.15,27.01,50.15,12.59,22903
1.99,27.75,51.05,13.91,22903
1.82,19.31,52.90,10.63,22903
1.84,34.29,54.30,18.60,22903
1.88,21.08,39.66,11.22,22901
1.93,36.83,47.57,19.12,22901
2.84,19.90,44.87,7.01,22902
1.98,27.02,34.99,13.66,22902
3.30,37.37,35.20,11.34,22902
3.15,36.86,35.89,11.69,22902
3.39,37.29,36.91,11.01,22902
3.01,28.47,37.60,9.45,22902
2.82,31.60,41.07,11.21,22902
2.21,29.50,43.92,13.37,22902
2.11,28.36,45.71,13.45,22902
1.83,23.54,46.31,12.87,22902
2.13,25.93,47.05,12.15,22902
1.67,43.66,47.59,26.11,22902
1.71,22.38,46.93,13.07,22902
1.70,25.62,44.36,15.03,22902
1.96,33.32,41.63,16.98,22902
2.01,35.63,38.44,17.77,22902
2.19,31.53,36.91,14.37,22902
2.54,33.33,35.17,13.11,22903
2.57,32.91,38.22,12.83,22903
1.86,30.16,47.11,16.19,22903
2.29,39.11,47.57,17.11,22903
2.38,31.11,47.46,13.10,22903
2.31,34.01,46.05,14.73,22903
3.43,31.82,43.68,9.27,22903
2.12,34.34,43.07,16.19,22903
2.24,39.73,40.43,17.75,22903
2.99,31.12,33.81,10.39,22901
2.58,25.96,39.44,10.06,22901
2.48,30.19,44.70,12.20,22901
2.06,27.94,47.47,13.56,22901
2.80,26.86,33.19,9.60,22902
3.30,34.96,33.26,10.60,22902
2.79,31.85,35.35,11.40,22902
3.00,30.99,37.46,10.34,22902
2.30,30.83,38.07,13.39,22902
2.57,30.69,40.32,11.92,22902
2.21,20.89,42.64,9.45,22902
2.55,26.76,44.00,10.48,22902
2.47,28.66,44.46,11.59,22902
1.92,23.39,46.26,12.17,22902
1.93,35.81,47.86,18.60,22902
1.98,32.87,33.21,16.64,22903
1.98,24.71,40.98,12.50,22903
1.73,20.89,46.42,12.09,22903
1.92,24.53,47.65,12.76,22903
2.53,33.36,32.04,13.17,22901
2.36,27.87,39.43,11.80,22901
1.79,14.78,50.94,8.28,22901
1.92,16.13,51.73,8.39,22901
1.70,13.69,51.86,8.04,22901
1.62,14.58,51.02,9.02,22901
2.08,19.89,48.29,9.55,22901
1.96,17.77,46.52,9.06,22901
2.50,17.91,46.09,7.16,22902
2.45,34.93,36.53,14.25,22901
2.41,34.91,37.61,14.47,22901
2.21,31.58,40.86,14.26,22901
2.27,31.49,41.61,13.88,22902
2.36,37.17,38.25,15.73,22902
1.93,31.09,37.77,16.10,22903
1.96,32.16,39.45,16.37,22903
1.98,39.88,40.61,20.10,22903
4.72,32.73,42.57,6.93,22903
2.04,39.26,42.36,19.20,22903
2.23,34.12,45.49,15.31,22901
2.18,27.89,45.45,12.81,22901
2.37,31.46,44.73,13.28,22901
2.76,34.80,43.28,12.61,22901
2.57,33.37,41.39,12.96,22901
2.74,36.03,40.22,13.13,22901
2.49,35.67,39.51,14.35,22901
2.68,41.17,39.25,15.35,22901
2.21,38.21,29.94,17.29,22903
2.98,44.20,34.59,14.85,22903
2.09,37.49,35.83,17.97,22903
2.17,31.50,40.57,14.54,22903
2.18,29.48,45.45,13.50,22903
2.00,47.55,37.72,23.74,22901
2.07,30.12,38.84,14.53,22901
1.99,27.02,42.48,13.61,22901
2.04,42.23,44.10,20.72,22901
1.92,24.38,37.63,12.68,22902
2.02,26.13,38.78,12.92,22902
1.79,26.06,42.67,14.52,22902
1.29,12.70,44.35,9.86,22902
1.99,22.82,44.91,11.48,22902
2.35,24.26,44.85,10.32,22902
2.46,22.02,44.72,8.95,22902
2.37,25.73,44.31,10.87,22902
2.85,26.43,44.11,9.27,22902
2.79,27.05,43.62,9.71,22902
2.65,21.97,43.02,8.29,22902
2.84,27.48,38.18,9.68,22903
2.67,29.27,41.43,10.95,22903
2.64,31.11,42.89,11.77,22903
2.71,23.96,43.98,8.85,22903
2.49,31.13,44.89,12.52,22903
2.22,25.08,36.18,11.30,22901
1.44,18.90,38.62,13.14,22901
2.20,24.61,38.84,11.20,22901
2.75,27.05,38.63,9.85,22901
2.57,26.63,38.48,10.34,22901
2.57,27.99,39.38,10.87,22901
3.33,22.28,39.25,6.69,22901
2.73,29.24,38.79,10.72,22901
2.52,23.32,38.45,9.27,22901
1.88,20.26,36.49,10.77,22902
2.71,31.43,35.56,11.58,22902
3.54,40.28,35.37,11.39,22902
3.35,40.49,35.79,12.10,22902
3.18,35.80,35.96,11.26,22902
3.20,46.01,35.64,14.39,22902
3.33,31.45,35.89,9.45,22902
2.82,35.30,36.87,12.50,22902
2.77,36.44,37.27,13.18,22902
2.75,34.62,38.62,12.61,22902
1.88,22.36,38.74,11.92,22902
2.55,33.78,37.03,13.26,22903
2.72,34.48,35.69,12.69,22903
2.39,29.74,38.82,12.43,22903
2.41,38.11,37.59,15.82,22903
1.98,32.88,46.68,16.59,22901
2.17,54.33,48.00,25.04,22901
2.67,39.33,33.66,14.73,22902
2.50,36.56,33.60,14.60,22902
2.57,32.73,35.36,12.71,22902
1.74,28.15,44.40,16.18,22902
1.78,21.29,46.13,11.96,22902
1.95,26.30,47.00,13.50,22902
2.08,29.50,33.60,14.19,22903
3.32,37.94,33.58,11.42,22903
3.09,37.91,33.87,12.29,22903
3.60,41.80,34.61,11.59,22903
3.17,36.72,35.02,11.59,22903
3.36,35.36,37.00,10.52,22903
3.01,30.85,39.72,10.24,22903
2.81,33.09,41.42,11.79,22903
2.38,31.94,42.37,13.45,22903
2.57,28.82,44.37,11.19,22903
2.04,20.08,48.18,9.86,22903
2.21,24.87,48.53,11.25,22903
2.56,23.72,46.82,9.27,22903
2.59,23.74,43.12,9.17,22903
2.62,24.11,40.73,9.21,22903
2.29,30.10,32.55,13.16,22901
2.34,29.76,38.14,12.72,22901
1.83,33.73,56.79,18.39,22901
2.25,32.68,38.91,14.50,22903
3.09,31.08,32.49,10.07,22903
2.50,30.56,31.91,12.24,22903
2.74,32.28,34.52,11.80,22903
3.01,31.27,37.03,10.38,22903
2.74,33.73,37.78,12.29,22903
2.51,27.45,41.47,10.94,22903
2.21,24.45,45.19,11.04,22903
2.10,24.14,47.80,11.49,22903
1.91,21.70,49.83,11.38,22903
2.10,22.33,52.86,10.62,22903
1.77,17.83,58.06,10.07,22903
1.77,18.64,58.64,10.56,22903
1.48,18.02,55.83,12.18,22903
2.29,28.54,50.81,12.48,22903
2.04,25.28,47.96,12.36,22903
2.11,24.89,46.59,11.79,22903
2.17,28.24,46.06,13.02,22903
2.20,30.25,41.62,13.76,22902
2.08,25.48,44.59,12.26,22902
1.13,16.69,60.82,14.81,22902
1.20,12.66,60.66,10.58,22902
1.29,13.79,60.54,10.71,22902
1.29,12.58,60.16,9.77,22902
1.38,13.43,58.64,9.71,22902
2.09,20.77,58.41,9.96,22902
1.73,18.52,57.70,10.71,22902
1.66,17.59,57.06,10.61,22902
2.11,26.10,44.78,12.36,22903
2.60,19.60,42.43,7.53,22903
2.48,29.57,43.11,11.93,22903
2.89,33.22,46.33,11.49,22903
2.51,25.48,47.94,10.16,22903
2.06,23.14,52.16,11.21,22903
1.70,18.75,56.32,11.03,22903
1.55,16.96,57.82,10.95,22903
1.68,17.65,58.62,10.48,22903
1.68,22.85,60.82,13.59,22903
1.74,31.59,60.54,18.19,22903
1.57,26.32,50.41,16.78,22901
1.51,21.28,51.32,14.05,22901
1.50,24.93,47.71,16.57,22901
1.59,21.26,43.96,13.33,22901
1.82,27.71,42.82,15.25,22902
1.59,24.13,45.65,15.13,22902
1.67,25.93,48.95,15.56,22902
1.56,20.03,51.78,12.88,22902
1.71,73.20,29.12,42.93,22902
3.43,58.01,27.77,16.90,22902
2.55,50.74,27.85,19.90,22902
2.57,49.81,28.97,19.38,22902
2.64,59.49,31.32,22.54,22902
2.61,45.24,32.42,17.35,22902
2.22,47.55,34.62,21.45,22902
2.44,39.46,36.53,16.17,22902
1.56,48.50,36.41,31.00,22903
1.59,23.88,37.55,15.03,22903
2.14,19.87,45.72,9.30,22901
2.32,40.05,26.30,17.25,22902
2.50,30.90,31.06,12.34,22902
2.26,31.37,38.48,13.86,22902
2.12,31.01,42.40,14.60,22902
1.90,30.44,47.04,16.05,22902
2.21,58.97,39.39,26.70,22903
2.57,29.83,46.45,11.59,22903
1.86,20.90,48.67,11.21,22903
1.78,18.11,49.28,10.17,22903
1.85,18.83,49.98,10.16,22903
1.61,16.71,51.06,10.35,22903
1.90,17.91,51.26,9.44,22903
1.75,18.10,50.48,10.32,22903
1.71,20.44,49.42,11.94,22903
3.06,23.87,36.58,7.81,22901
2.32,29.75,32.79,12.85,22901
2.23,28.62,42.09,12.83,22901
1.32,16.22,55.13,12.30,22901
1.16,18.47,59.71,15.86,22901
1.58,45.31,61.45,28.64,22902
1.43,20.53,61.48,14.37,22902
1.39,18.03,60.12,13.02,22902
1.45,23.04,54.83,15.93,22902
1.66,24.71,50.20,14.85,22902
1.63,24.85,46.60,15.20,22902
1.67,15.52,61.47,9.27,22903
1.50,16.65,61.45,11.08,22903
1.68,16.32,58.95,9.73,22903
2.39,21.60,48.62,9.06,22903
1.63,44.05,63.93,27.01,22901
1.63,19.44,64.48,11.95,22901
1.47,22.73,63.05,15.51,22901
1.40,22.58,58.12,16.11,22901
1.53,22.49,54.48,14.70,22901
1.48,23.95,51.21,16.23,22901
1.93,30.14,39.58,15.59,22902
2.05,28.59,40.26,13.98,22902
2.27,27.50,43.71,12.13,22902
1.80,23.77,49.39,13.18,22902
1.37,19.07,61.54,13.89,22902
1.58,16.95,63.75,10.75,22902
1.72,16.64,64.00,9.70,22902
1.66,16.53,64.31,9.99,22902
1.68,17.34,64.89,10.32,22902
1.81,16.52,63.79,9.12,22902
1.56,16.12,63.07,10.36,22902
1.43,15.55,61.62,10.86,22902
2.17,28.17,43.57,12.98,22903
1.96,34.03,62.22,17.37,22903
1.50,19.99,64.29,13.33,22903
1.64,25.75,58.80,15.71,22903
1.67,18.68,50.13,11.20,22901
1.49,23.21,58.61,15.55,22901
1.18,18.06,61.08,15.26,22901
1.59,26.05,59.92,16.38,22901
1.54,25.53,58.36,16.61,22901
1.62,24.92,59.03,15.42,22901
2.23,15.77,55.53,7.06,22902
1.90,17.15,61.12,9.02,22902
1.52,47.16,50.90,31.07,22903
1.92,25.22,50.02,13.10,22903
2.18,27.13,49.96,12.43,22903
1.37,16.91,54.14,12.36,22903
1.26,13.14,55.36,10.39,22903
2.76,27.61,55.83,10.00,22903
2.29,19.83,56.87,8.67,22903
2.20,22.49,58.84,10.20,22903
2.53,19.78,60.53,7.81,22903
2.04,23.02,61.01,11.26,22903
1.77,19.40,61.17,10.95,22903
1.49,18.73,47.97,12.53,22902
1.62,21.39,47.97,13.23,22902
1.98,27.17,44.81,13.76,22902
1.46,20.33,45.88,13.93,22902
1.98,25.29,47.95,12.80,22902
1.81,19.35,48.04,10.71,22902
2.37,20.88,48.18,8.81,22902
2.23,20.98,48.81,9.41,22902
2.06,19.46,49.39,9.45,22902
2.16,21.69,49.29,10.05,22902
2.01,21.95,49.07,10.90,22902
1.95,24.09,47.63,12.35,22903
1.86,28.12,46.26,15.12,22903
2.33,37.20,47.95,15.99,22903
1.94,26.86,48.16,13.86,22903
1.94,25.57,49.12,13.17,22903
1.91,37.71,47.83,19.74,22903
1.67,27.86,46.60,16.65,22902
1.66,25.31,47.92,15.27,22902
2.11,32.49,48.45,15.40,22902
1.97,31.51,45.88,15.97,22903
1.91,30.84,45.89,16.11,22903
1.84,37.41,45.80,20.38,22903
2.01,29.63,47.33,14.78,22903
1.43,26.57,62.61,18.59,22902
1.26,19.03,62.49,15.07,22902
1.41,24.54,58.13,17.39,22902
4.63,13.37,54.45,2.89,22902
1.61,57.09,58.53,35.41,22903
1.56,26.57,60.61,17.02,22903
1.52,22.12,62.21,14.56,22903
1.57,25.50,62.67,16.20,22903
1.48,21.94,61.02,14.84,22903
1.44,24.18,53.22,16.76,22903
1.68,29.91,62.77,17.76,22901
1.75,22.55,53.48,12.88,22901
1.85,23.43,47.35,12.69,22901
1.66,16.63,44.22,9.99,22901
2.21,15.78,50.60,7.14,22901
2.34,30.75,37.05,13.13,22901
1.99,24.77,43.76,12.46,22901
1.85,15.79,55.40,8.53,22901
1.50,14.74,55.83,9.85,22901
1.61,14.73,56.45,9.12,22901
1.56,16.36,57.07,10.46,22901
1.58,14.61,56.66,9.28,22901
1.48,14.82,56.33,10.02,22901
1.44,14.84,55.20,10.34,22901
1.53,20.88,47.39,13.65,22902
1.66,28.40,55.81,17.14,22902
2.21,30.17,33.78,13.64,22901
3.20,25.09,32.25,7.84,22901
3.08,30.05,33.01,9.77,22901
2.75,29.39,34.01,10.70,22901
2.57,25.65,34.73,9.96,22901
2.86,28.82,36.46,10.07,22901
2.00,23.87,38.41,11.92,22901
2.33,29.83,40.03,12.80,22901
1.87,24.19,40.64,12.93,22901
1.82,27.96,42.60,15.37,22901
1.94,32.77,45.60,16.88,22901
1.84,20.12,47.14,10.93,22901
1.93,20.64,47.27,10.68,22901
2.16,28.41,46.03,13.14,22901
2.38,25.48,40.96,10.70,22901
2.39,31.74,37.81,13.28,22901
2.28,25.48,37.07,11.20,22901
2.98,28.60,33.43,9.61,22902
2.30,28.24,37.01,12.30,22902
2.23,33.37,39.64,14.98,22902
2.57,53.55,40.64,20.80,22902
2.18,26.98,42.40,12.36,22902
2.03,30.60,44.99,15.07,22902
2.69,25.57,37.08,9.49,22901
2.08,22.81,35.26,10.97,22901
2.85,25.37,35.29,8.89,22901
2.62,24.70,38.59,9.43,22901
2.52,26.96,41.74,10.71,22901
2.30,24.10,43.44,10.48,22901
2.31,22.14,46.33,9.57,22901
2.33,25.21,48.38,10.82,22901
2.22,23.22,49.83,10.48,22901
2.02,23.63,50.78,11.68,22901
1.66,18.97,53.91,11.42,22901
1.67,26.98,59.79,16.18,22901
2.62,36.04,35.80,13.75,22902
2.29,36.05,35.67,15.75,22902
2.42,35.26,35.30,14.59,22902
2.10,26.37,43.01,12.56,22902
1.32,13.05,58.34,9.87,22902
1.35,13.92,59.78,10.35,22902
1.47,11.26,61.38,7.68,22902
1.31,11.94,62.64,9.14,22902
1.38,11.74,62.55,8.52,22902
1.25,12.31,62.32,9.85,22902
1.46,16.58,61.93,11.33,22902
1.53,22.07,61.41,14.41,22901
1.37,19.58,62.13,14.28,22901
1.75,20.36,62.20,11.65,22901
1.48,19.65,62.46,13.23,22901
1.50,21.49,63.11,14.28,22901
1.46,19.01,62.76,13.06,22901
1.33,17.31,65.31,13.05,22901
2.03,31.74,62.20,15.60,22902
1.84,21.11,62.25,11.48,22902
1.78,25.90,62.33,14.55,22902
1.75,26.77,63.16,15.30,22902
1.76,29.45,64.12,16.75,22902
2.28,26.72,62.47,11.72,22903
2.18,23.67,62.66,10.87,22903
2.15,25.18,63.23,11.69,22903
2.30,27.20,62.76,11.85,22903
2.18,22.19,64.30,10.20,22903
2.08,23.03,65.05,11.10,22903
1.97,23.60,67.95,12.01,22903
2.23,24.53,69.85,10.99,22903
2.17,27.28,70.20,12.58,22903
2.18,20.52,70.36,9.42,22903
2.06,23.38,70.06,11.33,22903
1.96,14.56,48.39,7.45,22901
1.44,18.22,58.94,12.69,22901
1.53,14.15,58.32,9.25,22901
1.45,22.50,62.46,15.51,22902
1.35,20.78,62.59,15.38,22902
1.59,26.52,60.38,16.69,22902
1.60,23.48,56.53,14.63,22902
1.85,22.87,60.67,12.36,22903
1.40,13.92,62.04,9.96,22903
1.55,14.83,62.33,9.55,22903
1.33,13.27,62.69,9.96,22903
1.35,14.41,62.76,10.71,22903
1.47,13.64,62.44,9.27,22903
1.29,13.52,61.47,10.50,22903
1.29,12.99,60.40,10.09,22903
1.96,14.85,52.27,7.57,22901
2.07,19.48,51.04,9.43,22901
1.75,21.68,59.58,12.36,22901
1.95,23.20,65.73,11.90,22901
1.65,22.98,70.15,13.91,22901
1.81,18.00,73.49,9.93,22901
1.88,21.47,75.42,11.44,22901
1.48,19.26,59.96,13.04,22902
1.41,21.63,75.82,15.35,22902
1.73,24.19,76.06,14.01,22902
1.40,22.72,74.49,16.20,22902
1.14,16.45,68.21,14.48,22902
2.57,33.90,50.48,13.17,22903
1.99,26.22,50.27,13.18,22903
1.97,28.74,55.49,14.62,22903
1.73,23.31,63.53,13.47,22903
1.24,22.05,57.53,17.74,22901
1.41,24.68,73.47,17.53,22901
1.54,18.66,57.63,12.14,22902
1.98,22.03,57.21,11.13,22902
2.13,22.37,59.06,10.48,22902
1.58,17.21,66.18,10.90,22902
1.65,17.95,74.90,10.91,22902
1.63,21.25,57.49,13.07,22903
1.86,24.69,58.26,13.24,22903
1.71,24.22,75.12,14.18,22903
1.80,19.01,77.20,10.54,22903
1.56,17.48,72.75,11.18,22903
1.61,21.29,68.06,13.22,22903
1.35,16.11,63.70,11.90,22903
1.92,26.01,62.62,13.56,22903
1.83,21.33,62.89,11.63,22903
1.53,22.21,63.50,14.56,22902
1.62,23.10,59.62,14.23,22902
1.73,22.87,61.99,13.26,22902
1.47,21.29,68.66,14.46,22902
2.82,20.86,79.66,7.41,22902
2.24,16.60,82.35,7.43,22902
2.52,17.22,82.95,6.82,22902
1.98,18.33,81.45,9.27,22902
1.86,19.49,80.81,10.50,22902
1.50,18.08,80.33,12.08,22902
1.58,20.18,67.25,12.77,22903
2.44,29.14,82.86,11.93,22903
2.04,22.24,81.31,10.92,22903
1.77,17.42,77.72,9.82,22903
1.99,21.03,61.77,10.57,22903
2.44,35.82,58.82,14.67,22903
1.52,22.14,54.85,14.56,22902
1.66,20.82,53.98,12.52,22902
1.46,14.54,56.11,9.96,22902
1.20,11.94,55.58,9.99,22902
1.25,12.91,55.43,10.32,22902
1.85,18.12,55.21,9.77,22902
1.65,15.55,54.81,9.41,22902
1.68,14.17,54.50,8.44,22902
1.82,17.91,53.92,9.85,22902
1.62,19.49,53.42,12.00,22902
1.55,20.09,54.42,12.99,22903
2.10,19.18,51.98,9.12,22903
2.36,32.78,39.02,13.91,22902
2.41,30.74,43.00,12.74,22902
1.75,25.07,48.15,14.34,22902
1.82,29.09,50.46,16.02,22902
2.80,22.42,46.67,8.02,22903
1.78,29.76,42.57,16.75,22903
1.55,24.96,46.69,16.08,22903
1.60,30.19,49.21,18.86,22903
1.59,27.10,50.66,17.08,22903
1.79,18.34,50.69,10.22,22903
1.41,18.81,50.01,13.36,22901
1.46,24.03,63.28,16.48,22901
2.92,24.92,39.87,8.54,22903
1.64,15.29,59.75,9.34,22903
1.85,23.22,49.17,12.54,22903
1.92,25.39,43.42,13.21,22901
1.69,26.32,50.27,15.58,22901
1.47,20.39,54.27,13.90,22901
1.66,25.71,59.56,15.52,22901
1.54,18.17,73.28,11.76,22901
1.41,15.85,71.17,11.21,22901
1.44,18.01,69.77,12.53,22901
1.69,21.07,66.98,12.45,22901
1.45,19.71,65.18,13.56,22901
1.59,20.18,64.00,12.70,22901
1.72,22.81,63.59,13.26,22901
2.15,24.65,73.62,11.44,22902
1.88,17.23,72.10,9.14,22902
1.54,18.02,69.34,11.68,22902
1.45,12.67,64.78,8.76,22902
2.29,19.10,47.79,8.34,22903
1.59,28.63,60.42,17.99,22903
1.60,28.56,71.02,17.80,22903
1.60,16.03,59.75,10.03,22901
1.38,15.29,65.40,11.12,22901
1.64,18.10,71.54,11.05,22901
1.75,18.00,77.25,10.28,22901
2.11,26.13,81.69,12.39,22901
1.60,19.93,83.01,12.48,22901
1.65,19.86,82.93,12.04,22901
1.52,18.73,81.40,12.31,22901
1.36,15.03,76.75,11.03,22901
1.32,15.74,73.76,11.89,22901
1.20,14.98,71.42,12.45,22901
1.14,14.18,69.46,12.46,22901
1.16,17.13,62.74,14.72,22902
1.30,16.74,66.89,12.91,22902
1.29,19.14,79.82,14.86,22902
1.56,14.20,81.50,9.11,22902
1.74,18.12,81.98,10.43,22902
1.60,16.95,82.56,10.57,22902
1.72,18.56,83.08,10.81,22902
2.06,17.90,83.12,8.67,22902
1.59,16.52,82.64,10.36,22902
1.45,15.92,81.63,10.95,22902
1.60,21.07,59.53,13.20,22903
1.57,19.92,65.37,12.68,22903
1.69,30.21,80.87,17.87,22903
1.40,18.81,82.81,13.47,22903
2.16,29.18,82.78,13.48,22903
1.78,27.26,79.62,15.31,22903
1.64,26.55,74.08,16.22,22903
0.98,15.72,67.51,16.00,22901
1.29,17.71,59.45,13.68,22901
1.17,13.37,64.04,11.42,22901
1.53,20.94,72.39,13.73,22901
1.48,20.07,77.98,13.52,22901
1.79,20.89,81.74,11.67,22901
1.92,22.29,85.36,11.61,22901
1.39,20.44,61.51,14.73,22902
1.53,22.20,59.51,14.53,22902
1.64,20.01,72.01,12.22,22902
1.84,13.72,86.11,7.46,22902
1.95,18.76,86.72,9.60,22902
1.98,19.20,86.83,9.70,22902
2.38,17.27,86.50,7.27,22902
1.59,18.56,85.66,11.67,22902
1.51,13.88,84.20,9.17,22902
1.79,20.76,86.81,11.63,22903
2.02,20.01,86.03,9.93,22903
1.62,20.00,83.60,12.36,22903
1.39,16.30,77.83,11.77,22903
1.38,16.69,74.57,12.10,22903
1.11,14.61,72.54,13.12,22903
1.53,18.65,70.86,12.17,22903
1.20,15.49,69.91,12.90,22901
1.64,15.01,78.01,9.16,22901
1.18,12.77,69.09,10.86,22901
1.71,22.68,60.27,13.30,22902
1.62,18.57,68.57,11.43,22902
1.71,29.26,84.12,17.12,22902
1.94,27.59,84.21,14.25,22902
1.72,25.01,81.18,14.59,22902
1.42,22.95,76.25,16.19,22902
1.23,19.60,71.81,15.97,22902
1.37,18.02,59.67,13.14,22903
1.39,12.09,62.16,8.73,22903
1.60,20.35,68.77,12.68,22903
1.50,31.37,74.34,20.88,22903
1.62,20.22,75.75,12.49,22903
1.82,18.35,81.76,10.07,22903
2.13,24.74,84.47,11.64,22903
1.75,19.21,83.88,10.95,22903
1.69,18.42,81.40,10.87,22903
1.56,18.60,78.65,11.90,22903
1.44,16.16,77.16,11.18,22903
1.38,15.38,72.52,11.14,22903
1.79,21.22,69.47,11.85,22903
2.00,21.34,68.79,10.66,22903
1.36,12.59,71.61,9.27,22901
1.29,13.26,73.00,10.30,22901
1.49,14.65,74.55,9.84,22901
1.53,16.06,75.70,10.52,22901
1.70,15.75,75.94,9.27,22901
1.27,12.60,75.74,9.96,22901
1.43,14.55,73.49,10.14,22901
1.35,15.18,71.93,11.21,22901
1.23,13.79,71.23,11.19,22901
1.25,11.48,70.03,9.22,22901
1.80,24.04,64.01,13.33,22902
1.26,20.48,66.69,16.31,22902
1.69,20.19,69.83,11.96,22902
1.93,25.69,74.49,13.29,22902
1.80,13.26,67.68,7.38,22903
1.69,26.85,70.42,15.93,22903
1.39,12.71,62.74,9.17,22901
1.97,49.57,57.49,25.15,22903
1.59,11.09,54.73,6.95,22901
1.72,24.49,52.09,14.23,22901
1.84,24.17,51.49,13.16,22901
1.80,22.06,55.07,12.24,22901
1.44,21.77,58.86,15.09,22901
1.37,19.88,61.97,14.54,22901
1.27,18.37,60.85,14.47,22901
1.25,21.26,57.59,16.96,22901
1.70,25.03,52.29,14.70,22901
1.82,74.07,60.17,40.71,22903
1.42,24.41,62.03,17.21,22903
1.45,17.97,61.50,12.36,22903
1.45,20.15,59.45,13.86,22903
1.72,31.68,54.57,18.40,22903
2.21,25.22,48.97,11.41,22903
2.14,37.34,60.62,17.41,22901
1.84,20.65,62.94,11.21,22901
1.29,13.79,63.50,10.71,22901
1.33,13.27,64.33,9.96,22901
1.36,12.28,65.52,9.01,22901
1.43,14.23,66.31,9.99,22901
1.36,14.13,66.48,10.35,22901
1.16,13.47,65.93,11.66,22901
1.95,37.76,39.37,19.36,22903
1.43,24.41,39.20,17.06,22903
2.47,32.18,39.50,13.05,22903
1.97,24.94,49.89,12.65,22903
1.36,25.29,62.23,18.64,22903
1.44,19.36,64.94,13.48,22903
1.44,20.09,66.41,13.91,22903
1.53,30.15,63.37,19.74,22903
1.89,33.15,56.12,17.54,22903
2.05,20.71,48.65,10.08,22901
1.90,23.77,55.95,12.53,22901
1.45,20.61,60.01,14.24,22901
1.65,16.94,66.72,10.28,22901
1.68,21.65,71.96,12.91,22901
2.04,29.92,47.75,14.67,22903
1.91,27.02,47.32,14.12,22903
1.85,22.45,54.04,12.14,22903
2.48,33.02,59.36,13.32,22903
2.07,20.61,74.63,9.95,22903
1.75,21.24,74.34,12.13,22903
1.68,19.04,70.55,11.33,22903
2.19,26.98,63.82,12.33,22903
1.94,23.16,59.76,11.96,22903
2.57,31.37,55.16,12.18,22903
2.55,30.59,53.17,11.98,22903
1.46,23.76,78.70,16.27,22901
1.54,20.15,80.84,13.12,22901
1.36,22.87,69.91,16.78,22901
1.68,27.08,62.70,16.11,22901
1.59,19.38,57.81,12.16,22903
1.61,26.22,68.03,16.29,22901
1.56,24.68,75.21,15.79,22901
1.57,28.57,77.55,18.15,22901
1.38,17.60,54.69,12.78,22902
1.40,20.97,65.15,14.98,22902
1.98,23.07,70.33,11.63,22902
1.59,22.17,74.52,13.91,22902
1.86,23.86,76.08,12.82,22902
1.70,22.55,77.43,13.29,22902
1.84,25.03,77.58,13.61,22902
2.72,42.14,54.65,15.47,22903
4.29,9.42,56.73,2.20,22903
1.43,21.92,64.56,15.35,22903
1.67,22.43,71.45,13.44,22903
1.62,23.41,75.77,14.42,22903
1.64,29.06,77.22,17.73,22903
2.43,23.70,74.39,9.76,22903
1.82,18.80,60.20,10.31,22903
2.54,31.30,58.87,12.33,22903
1.40,19.42,55.79,13.84,22901
1.35,17.66,60.32,13.06,22901
1.54,11.93,62.65,7.74,22901
1.45,18.89,64.12,13.02,22901
1.45,18.95,66.68,13.06,22901
1.66,19.72,66.96,11.91,22901
1.50,26.68,66.10,17.79,22901
1.46,39.82,66.51,27.32,22902
1.44,24.29,67.14,16.83,22902
1.60,27.36,66.28,17.13,22902
1.61,26.90,64.01,16.69,22902
1.37,24.23,61.77,17.71,22902
1.37,22.59,57.12,16.55,22902
2.39,25.86,58.87,10.81,22903
1.53,22.07,61.41,14.41,22901
1.37,19.58,62.13,14.28,22901
1.75,20.36,62.20,11.65,22901
1.48,19.65,62.46,13.23,22901
1.50,21.49,63.11,14.28,22901
1.46,19.01,62.76,13.06,22901
1.33,17.31,65.31,13.05,22901
2.03,31.74,62.20,15.60,22902
1.84,21.11,62.25,11.48,22902
1.78,25.90,62.33,14.55,22902
1.75,26.77,63.16,15.30,22902
1.76,29.45,64.12,16.75,22902
2.28,26.72,62.47,11.72,22903
2.18,23.67,62.66,10.87,22903
2.15,25.18,63.23,11.69,22903
2.30,27.20,62.76,11.85,22903
2.18,22.19,64.30,10.20,22903
2.08,23.03,65.05,11.10,22903
1.97,23.60,67.95,12.01,22903
2.23,24.53,69.85,10.99,22903
2.17,27.28,70.20,12.58,22903
2.18,20.52,70.36,9.42,22903
2.06,23.38,70.06,11.33,22903
1.96,14.56,48.39,7.45,22901
1.44,18.22,58.94,12.69,22901
1.53,14.15,58.32,9.25,22901
1.45,22.50,62.46,15.51,22902
1.35,20.78,62.59,15.38,22902
1.59,26.52,60.38,16.69,22902
1.60,23.48,56.53,14.63,22902
1.85,22.87,60.67,12.36,22903
1.40,13.92,62.04,9.96,22903
1.55,14.83,62.33,9.55,22903
1.33,13.27,62.69,9.96,22903
1.35,14.41,62.76,10.71,22903
1.47,13.64,62.44,9.27,22903
1.29,13.52,61.47,10.50,22903
1.29,12.99,60.40,10.09,22903
1.96,14.85,52.27,7.57,22901
2.07,19.48,51.04,9.43,22901
1.75,21.68,59.58,12.36,22901
1.95,23.20,65.73,11.90,22901
1.65,22.98,70.15,13.91,22901
1.81,18.00,73.49,9.93,22901
1.88,21.47,75.42,11.44,22901
1.48,19.26,59.96,13.04,22902
1.41,21.63,75.82,15.35,22902
1.73,24.19,76.06,14.01,22902
1.40,22.72,74.49,16.20,22902
1.14,16.45,68.21,14.48,22902
2.57,33.90,50.48,13.17,22903
1.99,26.22,50.27,13.18,22903
1.97,28.74,55.49,14.62,22903
1.73,23.31,63.53,13.47,22903
1.24,22.05,57.53,17.74,22901
1.41,24.68,73.47,17.53,22901
1.54,18.66,57.63,12.14,22902
1.98,22.03,57.21,11.13,22902
2.13,22.37,59.06,10.48,22902
1.58,17.21,66.18,10.90,22902
1.65,17.95,74.90,10.91,22902
1.63,21.25,57.49,13.07,22903
1.86,24.69,58.26,13.24,22903
1.71,24.22,75.12,14.18,22903
1.80,19.01,77.20,10.54,22903
1.56,17.48,72.75,11.18,22903
1.61,21.29,68.06,13.22,22903
1.35,16.11,63.70,11.90,22903
1.92,26.01,62.62,13.56,22903
1.83,21.33,62.89,11.63,22903
1.53,22.21,63.50,14.56,22902
1.62,23.10,59.62,14.23,22902
1.73,22.87,61.99,13.26,22902
1.47,21.29,68.66,14.46,22902
2.82,20.86,79.66,7.41,22902
2.24,16.60,82.35,7.43,22902
2.52,17.22,82.95,6.82,22902
1.98,18.33,81.45,9.27,22902
1.86,19.49,80.81,10.50,22902
1.50,18.08,80.33,12.08,22902
1.58,20.18,67.25,12.77,22903
2.44,29.14,82.86,11.93,22903
2.04,22.24,81.31,10.92,22903
1.77,17.42,77.72,9.82,22903
1.99,21.03,61.77,10.57,22903
2.44,35.82,58.82,14.67,22903
1.52,22.14,54.85,14.56,22902
1.66,20.82,53.98,12.52,22902
1.46,14.54,56.11,9.96,22902
1.20,11.94,55.58,9.99,22902
1.25,12.91,55.43,10.32,22902
1.85,18.12,55.21,9.77,22902
1.65,15.55,54.81,9.41,22902
1.68,14.17,54.50,8.44,22902
1.82,17.91,53.92,9.85,22902
1.62,19.49,53.42,12.00,22902
1.55,20.09,54.42,12.99,22903
2.10,19.18,51.98,9.12,22903
2.36,32.78,39.02,13.91,22902
2.41,30.74,43.00,12.74,22902
1.75,25.07,48.15,14.34,22902
1.82,29.09,50.46,16.02,22902
2.80,22.42,46.67,8.02,22903
1.78,29.76,42.57,16.75,22903
1.55,24.96,46.69,16.08,22903
1.60,30.19,49.21,18.86,22903
1.59,27.10,50.66,17.08,22903
1.79,18.34,50.69,10.22,22903
1.41,18.81,50.01,13.36,22901
1.46,24.03,63.28,16.48,22901
2.92,24.92,39.87,8.54,22903
1.64,15.29,59.75,9.34,22903
1.85,23.22,49.17,12.54,22903
1.92,25.39,43.42,13.21,22901
1.69,26.32,50.27,15.58,22901
1.47,20.39,54.27,13.90,22901
1.66,25.71,59.56,15.52,22901
1.54,18.17,73.28,11.76,22901
1.41,15.85,71.17,11.21,22901
1.44,18.01,69.77,12.53,22901
1.69,21.07,66.98,12.45,22901
1.45,19.71,65.18,13.56,22901
1.59,20.18,64.00,12.70,22901
1.72,22.81,63.59,13.26,22901
2.15,24.65,73.62,11.44,22902
1.88,17.23,72.10,9.14,22902
1.54,18.02,69.34,11.68,22902
1.45,12.67,64.78,8.76,22902
2.29,19.10,47.79,8.34,22903
1.59,28.63,60.42,17.99,22903
1.60,28.56,71.02,17.80,22903
1.60,16.03,59.75,10.03,22901
1.38,15.29,65.40,11.12,22901
1.64,18.10,71.54,11.05,22901
1.75,18.00,77.25,10.28,22901
2.11,26.13,81.69,12.39,22901
1.60,19.93,83.01,12.48,22901
1.65,19.86,82.93,12.04,22901
1.52,18.73,81.40,12.31,22901
1.36,15.03,76.75,11.03,22901
1.32,15.74,73.76,11.89,22901
1.20,14.98,71.42,12.45,22901
1.14,14.18,69.46,12.46,22901
1.16,17.13,62.74,14.72,22902
1.30,16.74,66.89,12.91,22902
1.29,19.14,79.82,14.86,22902
1.56,14.20,81.50,9.11,22902
1.74,18.12,81.98,10.43,22902
1.60,16.95,82.56,10.57,22902
1.72,18.56,83.08,10.81,22902
2.06,17.90,83.12,8.67,22902
1.59,16.52,82.64,10.36,22902
1.45,15.92,81.63,10.95,22902
1.60,21.07,59.53,13.20,22903
1.57,19.92,65.37,12.68,22903
1.69,30.21,80.87,17.87,22903
1.40,18.81,82.81,13.47,22903
2.16,29.18,82.78,13.48,22903
1.78,27.26,79.62,15.31,22903
1.64,26.55,74.08,16.22,22903
0.98,15.72,67.51,16.00,22901
1.29,17.71,59.45,13.68,22901
1.17,13.37,64.04,11.42,22901
1.53,20.94,72.39,13.73,22901
1.48,20.07,77.98,13.52,22901
1.79,20.89,81.74,11.67,22901
1.92,22.29,85.36,11.61,22901
1.39,20.44,61.51,14.73,22902
1.53,22.20,59.51,14.53,22902
1.64,20.01,72.01,12.22,22902
1.84,13.72,86.11,7.46,22902
1.95,18.76,86.72,9.60,22902
1.98,19.20,86.83,9.70,22902
2.38,17.27,86.50,7.27,22902
1.59,18.56,85.66,11.67,22902
1.51,13.88,84.20,9.17,22902
1.79,20.76,86.81,11.63,22903
2.02,20.01,86.03,9.93,22903
1.62,20.00,83.60,12.36,22903
1.39,16.30,77.83,11.77,22903
1.38,16.69,74.57,12.10,22903
1.11,14.61,72.54,13.12,22903
1.53,18.65,70.86,12.17,22903
1.20,15.49,69.91,12.90,22901
1.64,15.01,78.01,9.16,22901
1.18,12.77,69.09,10.86,22901
1.71,22.68,60.27,13.30,22902
1.62,18.57,68.57,11.43,22902
1.71,29.26,84.12,17.12,22902
1.94,27.59,84.21,14.25,22902
1.72,25.01,81.18,14.59,22902
1.42,22.95,76.25,16.19,22902
1.23,19.60,71.81,15.97,22902
1.37,18.02,59.67,13.14,22903
1.39,12.09,62.16,8.73,22903
1.60,20.35,68.77,12.68,22903
1.50,31.37,74.34,20.88,22903
1.62,20.22,75.75,12.49,22903
1.82,18.35,81.76,10.07,22903
2.13,24.74,84.47,11.64,22903
1.75,19.21,83.88,10.95,22903
1.69,18.42,81.40,10.87,22903
1.56,18.60,78.65,11.90,22903
1.44,16.16,77.16,11.18,22903
1.38,15.38,72.52,11.14,22903
1.79,21.22,69.47,11.85,22903
2.00,21.34,68.79,10.66,22903
1.36,12.59,71.61,9.27,22901
1.29,13.26,73.00,10.30,22901
1.49,14.65,74.55,9.84,22901
1.53,16.06,75.70,10.52,22901
1.70,15.75,75.94,9.27,22901
1.27,12.60,75.74,9.96,22901
1.43,14.55,73.49,10.14,22901
1.35,15.18,71.93,11.21,22901
1.23,13.79,71.23,11.19,22901
1.25,11.48,70.03,9.22,22901
1.80,24.04,64.01,13.33,22902
1.26,20.48,66.69,16.31,22902
1.69,20.19,69.83,11.96,22902
1.93,25.69,74.49,13.29,22902
1.80,13.26,67.68,7.38,22903
1.69,26.85,70.42,15.93,22903
1.39,12.71,62.74,9.17,22901
1.97,49.57,57.49,25.15,22903
1.59,11.09,54.73,6.95,22901
1.72,24.49,52.09,14.23,22901
1.84,24.17,51.49,13.16,22901
1.80,22.06,55.07,12.24,22901
1.44,21.77,58.86,15.09,22901
1.37,19.88,61.97,14.54,22901
1.27,18.37,60.85,14.47,22901
1.25,21.26,57.59,16.96,22901
1.70,25.03,52.29,14.70,22901
1.82,74.07,60.17,40.71,22903
1.42,24.41,62.03,17.21,22903
1.45,17.97,61.50,12.36,22903
1.45,20.15,59.45,13.86,22903
1.72,31.68,54.57,18.40,22903
2.21,25.22,48.97,11.41,22903
2.14,37.34,60.62,17.41,22901
1.84,20.65,62.94,11.21,22901
1.29,13.79,63.50,10.71,22901
1.33,13.27,64.33,9.96,22901
1.36,12.28,65.52,9.01,22901
1.43,14.23,66.31,9.99,22901
1.36,14.13,66.48,10.35,22901
1.16,13.47,65.93,11.66,22901
1.95,37.76,39.37,19.36,22903
1.43,24.41,39.20,17.06,22903
2.47,32.18,39.50,13.05,22903
1.97,24.94,49.89,12.65,22903
1.36,25.29,62.23,18.64,22903
1.44,19.36,64.94,13.48,22903
1.44,20.09,66.41,13.91,22903
1.53,30.15,63.37,19.74,22903
1.89,33.15,56.12,17.54,22903
2.05,20.71,48.65,10.08,22901
1.90,23.77,55.95,12.53,22901
1.45,20.61,60.01,14.24,22901
1.65,16.94,66.72,10.28,22901
1.68,21.65,71.96,12.91,22901
2.04,29.92,47.75,14.67,22903
1.91,27.02,47.32,14.12,22903
1.85,22.45,54.04,12.14,22903
2.48,33.02,59.36,13.32,22903
2.07,20.61,74.63,9.95,22903
1.75,21.24,74.34,12.13,22903
1.68,19.04,70.55,11.33,22903
2.19,26.98,63.82,12.33,22903
1.94,23.16,59.76,11.96,22903
2.57,31.37,55.16,12.18,22903
2.55,30.59,53.17,11.98,22903
1.46,23.76,78.70,16.27,22901
1.54,20.15,80.84,13.12,22901
1.36,22.87,69.91,16.78,22901
1.68,27.08,62.70,16.11,22901
1.59,19.38,57.81,12.16,22903
1.61,26.22,68.03,16.29,22901
1.56,24.68,75.21,15.79,22901
1.57,28.57,77.55,18.15,22901
1.38,17.60,54.69,12.78,22902
1.40,20.97,65.15,14.98,22902
1.98,23.07,70.33,11.63,22902
1.59,22.17,74.52,13.91,22902
1.86,23.86,76.08,12.82,22902
1.70,22.55,77.43,13.29,22902
1.84,25.03,77.58,13.61,22902
2.72,42.14,54.65,15.47,22903
4.29,9.42,56.73,2.20,22903
1.43,21.92,64.56,15.35,22903
1.67,22.43,71.45,13.44,22903
1.62,23.41,75.77,14.42,22903
1.64,29.06,77.22,17.73,22903
2.43,23.70,74.39,9.76,22903
1.82,18.80,60.20,10.31,22903
2.54,31.30,58.87,12.33,22903
1.40,19.42,55.79,13.84,22901
1.35,17.66,60.32,13.06,22901
1.54,11.93,62.65,7.74,22901
1.45,18.89,64.12,13.02,22901
1.45,18.95,66.68,13.06,22901
1.66,19.72,66.96,11.91,22901
1.50,26.68,66.10,17.79,22901
1.46,39.82,66.51,27.32,22902
1.44,24.29,67.14,16.83,22902
1.60,27.36,66.28,17.13,22902
1.61,26.90,64.01,16.69,22902
1.37,24.23,61.77,17.71,22902
1.37,22.59,57.12,16.55,22902
2.39,25.86,58.87,10.81,22903
1.45,19.02,49.26,13.12,22901
1.15,12.12,59.27,10.58,22901
1.21,12.73,59.49,10.50,22901
1.37,11.40,59.71,8.29,22901
1.25,11.41,59.34,9.14,22901
1.33,11.74,58.93,8.81,22901
1.19,12.97,58.35,10.87,22901
1.03,12.30,57.72,11.94,22901
2.25,21.92,44.21,9.76,22902
1.92,22.70,49.40,11.84,22902
1.54,17.03,52.29,11.02,22902
1.84,21.53,55.60,11.67,22902
2.11,23.12,57.97,10.96,22902
1.78,19.37,59.31,10.87,22902
1.66,18.60,59.76,11.23,22902
1.52,16.17,58.62,10.62,22902
2.04,24.31,55.10,11.92,22902
1.85,20.69,51.17,11.19,22902
1.81,20.29,47.34,11.19,22902
2.80,27.92,45.57,9.96,22903
2.67,26.42,55.98,9.89,22903
1.88,18.40,59.08,9.78,22903
1.29,14.37,57.45,11.16,22903
2.28,26.86,54.06,11.76,22903
1.89,23.54,50.40,12.42,22903
2.00,23.53,47.59,11.77,22903
1.94,24.37,46.99,12.56,22903
1.85,41.81,56.43,22.58,22901
1.20,13.49,57.84,11.22,22901
1.22,11.96,58.24,9.80,22901
1.49,19.37,48.33,13.02,22902
1.21,22.31,56.43,18.49,22902
1.24,12.38,57.76,9.96,22902
1.36,10.88,58.12,8.00,22902
1.29,13.52,58.12,10.50,22902
1.20,11.51,57.83,9.60,22902
1.17,12.56,57.31,10.71,22902
1.76,19.23,56.65,10.94,22902
1.55,25.52,46.22,16.45,22903
2.67,26.21,42.75,9.82,22903
2.08,21.38,51.30,10.27,22903
1.91,22.94,54.56,12.00,22903
2.10,23.88,56.33,11.38,22903
2.26,30.15,57.76,13.35,22903
1.56,16.80,58.14,10.80,22903
1.37,14.87,57.54,10.82,22903
1.54,19.50,56.31,12.66,22903
1.73,20.39,53.24,11.81,22903
2.11,26.02,48.63,12.34,22903
2.09,25.52,47.33,12.18,22903
2.21,24.90,47.57,11.25,22903
1.97,29.57,55.22,15.02,22901
1.47,25.23,60.54,17.14,22901
1.46,17.84,61.95,12.18,22901
1.64,22.22,60.95,13.56,22901
1.89,31.43,51.35,16.64,22901
2.06,29.72,49.99,14.42,22901
1.48,19.12,50.40,12.89,22902
1.47,20.69,56.53,14.06,22903
1.36,23.05,60.05,16.98,22903
1.41,22.47,61.34,15.91,22903
1.85,18.55,62.24,10.02,22903
2.21,21.91,60.54,9.89,22903
2.89,36.18,53.16,12.51,22903
2.81,32.45,50.89,11.55,22903
2.74,30.64,50.05,11.20,22903
2.52,33.27,48.82,13.22,22903
2.56,32.42,48.09,12.64,22903
1.91,25.50,48.11,13.36,22901
2.00,25.05,49.89,12.55,22901
1.51,22.46,56.01,14.90,22901
1.32,15.51,56.01,11.74,22902
2.03,21.86,58.62,10.78,22902
2.18,22.63,59.28,10.39,22902
2.25,26.16,58.45,11.63,22902
2.41,25.11,52.81,10.42,22902
1.61,20.89,51.85,12.94,22903
1.54,16.52,58.76,10.75,22903
1.30,15.50,59.24,11.95,22903
2.00,23.14,58.14,11.55,22903
1.76,21.84,54.90,12.42,22903
2.01,22.30,52.90,11.11,22903
1.97,22.49,51.75,11.43,22903
1.76,22.38,51.30,12.75,22903
2.28,72.34,49.64,31.73,22901
1.52,19.61,52.04,12.86,22902
2.16,18.18,50.85,8.43,22903
2.34,27.86,49.91,11.92,22903
2.22,20.76,50.81,9.34,22903
2.29,21.34,53.71,9.31,22903
1.99,26.47,54.83,13.31,22903
2.30,29.60,50.83,12.87,22903
2.91,33.21,50.81,11.40,22903
1.53,20.06,59.19,13.10,22902
1.95,28.12,59.40,14.40,22902
1.76,23.37,58.74,13.32,22902
1.75,26.57,57.33,15.18,22902
1.72,22.91,55.88,13.28,22902
1.82,35.30,58.79,19.38,22903
1.67,21.15,59.02,12.63,22903
1.45,29.42,56.75,20.22,22903
1.66,46.84,56.05,28.18,22903
1.74,48.11,56.44,27.58,22903
1.26,20.93,56.97,16.63,22903
1.36,8.23,57.34,6.08,22903
1.47,19.08,54.38,13.00,22902
1.41,20.47,60.29,14.52,22902
1.50,20.93,60.36,13.91,22902
1.29,19.88,58.24,15.38,22902
1.54,22.15,53.94,14.42,22902
2.48,42.65,56.70,17.23,22903
1.58,14.84,58.44,9.39,22903
1.47,16.08,51.41,10.96,22903
2.32,32.27,51.66,13.90,22903
1.93,26.87,46.80,13.91,22902
2.01,28.49,47.14,14.15,22902
2.10,26.72,49.21,12.71,22902
1.53,26.42,53.73,17.21,22902
1.75,23.62,53.24,13.50,22902
2.12,28.16,52.27,13.25,22902
1.85,32.79,51.93,17.76,22902
2.03,33.17,50.43,16.38,22902
2.17,14.06,50.61,6.49,22903
1.70,21.97,50.11,12.90,22903
1.98,29.49,44.70,14.90,22902
2.06,29.35,44.18,14.26,22902
2.34,30.09,48.01,12.86,22902
2.07,34.43,52.62,16.61,22902
1.80,23.41,50.33,13.01,22902
1.87,34.18,49.92,18.25,22902
1.98,30.87,48.29,15.61,22902
1.73,22.36,47.36,12.92,22903
1.36,21.49,51.03,15.83,22903
1.37,19.59,50.53,14.31,22903
1.91,31.92,50.32,16.68,22903
1.67,23.67,49.10,14.16,22903
2.52,47.71,50.19,18.95,22901
1.84,6.97,55.61,3.79,22901
1.33,12.71,56.33,9.57,22901
1.51,17.02,57.17,11.28,22901
1.89,21.05,55.89,11.14,22901
1.53,17.81,54.18,11.63,22901
1.56,22.01,52.64,14.09,22901
1.65,21.72,50.82,13.19,22901
1.74,23.48,48.75,13.50,22901
1.80,23.87,47.66,13.23,22901
2.36,35.60,43.56,15.08,22903
2.21,31.58,44.68,14.26,22903
1.89,23.91,50.16,12.67,22903
1.59,14.76,56.29,9.29,22903
2.32,21.53,56.73,9.29,22903
1.57,13.52,56.88,8.59,22903
1.60,17.70,57.22,11.03,22903
1.70,13.69,56.68,8.04,22903
1.33,15.04,55.13,11.34,22903
1.75,22.69,54.34,12.98,22903
3.46,21.99,46.40,6.35,22901
1.74,23.71,63.16,13.60,22901
2.08,26.33,62.45,12.66,22901
1.41,18.44,53.25,13.11,22902
1.44,17.94,61.53,12.43,22902
1.49,25.50,58.04,17.16,22902
1.65,24.84,54.76,15.08,22902
1.49,25.22,63.12,16.95,22903
2.14,25.41,61.77,11.90,22903
1.59,21.97,59.66,13.86,22903
1.64,27.65,56.89,16.91,22903
2.16,25.56,52.88,11.85,22903
1.47,18.10,71.84,12.34,22902
1.62,20.63,71.91,12.72,22902
1.72,15.97,70.17,9.30,22902
1.38,16.54,63.37,11.96,22902
1.40,14.96,57.46,10.67,22902
2.07,29.78,71.04,14.39,22903
1.74,18.23,71.85,10.47,22903
1.47,14.69,66.46,10.01,22903
1.20,15.24,56.60,12.71,22903
1.26,12.80,69.33,10.19,22901
1.74,27.96,76.19,16.02,22902
1.85,27.61,75.55,14.92,22902
1.71,26.22,73.48,15.35,22902
1.59,24.25,70.93,15.21,22902
1.23,17.91,67.80,14.56,22902
1.32,24.51,65.24,18.55,22902
1.62,50.36,74.73,31.00,22903
1.38,23.23,76.37,16.85,22903
1.52,24.28,75.31,16.00,22903
1.31,21.44,73.34,16.41,22903
1.38,20.27,70.91,14.65,22903
1.15,19.12,67.56,16.61,22903
1.24,13.15,62.36,10.59,22901
1.93,23.87,73.40,12.36,22901
2.18,21.41,75.29,9.84,22901
1.93,18.45,75.57,9.55,22901
1.85,18.13,75.92,9.79,22901
1.85,19.07,76.69,10.32,22901
2.06,18.73,76.68,9.11,22901
1.87,21.10,76.37,11.26,22901
1.68,17.43,75.52,10.37,22901
1.76,17.23,61.81,9.78,22902
1.54,15.01,67.94,9.75,22902
1.78,20.20,71.09,11.36,22902
2.12,26.25,74.48,12.36,22902
1.79,19.20,76.54,10.73,22902
1.68,20.01,75.58,11.91,22902
1.63,15.04,72.15,9.21,22902
1.31,13.65,67.07,10.39,22902
1.23,14.28,62.07,11.57,22902
1.20,15.72,65.08,13.05,22903
1.46,19.84,76.28,13.57,22903
1.41,20.45,75.54,14.53,22903
1.09,15.40,69.87,14.11,22903
1.22,16.01,60.30,13.14,22901
1.44,16.66,66.37,11.57,22901
1.41,18.75,69.21,13.25,22901
1.19,18.21,68.35,15.33,22901
1.05,15.49,62.42,14.69,22901
1.80,29.45,56.97,16.35,22902
1.63,22.25,59.27,13.68,22902
1.56,21.45,63.55,13.77,22902
1.66,30.34,64.92,18.25,22902
1.38,20.28,68.29,14.68,22902
1.42,19.15,69.23,13.47,22902
1.61,28.29,65.30,17.62,22902
1.60,26.71,59.34,16.66,22902
1.36,21.15,56.95,15.51,22903
1.39,7.05,57.18,5.05,22903
1.57,22.65,60.30,14.45,22903
2.06,31.82,62.82,15.45,22903
1.31,19.11,64.08,14.58,22903
1.49,36.08,65.26,24.23,22903
1.93,20.85,68.44,10.82,22903
1.79,21.92,69.46,12.23,22903
2.16,26.18,68.31,12.13,22903
1.62,16.26,62.12,10.03,22903
1.46,19.86,56.61,13.64,22903
1.36,17.27,54.18,12.70,22903
1.49,19.28,52.04,12.91,22901
1.19,15.81,66.48,13.26,22901
1.46,20.40,71.45,13.96,22901
1.29,19.05,72.61,14.79,22901
1.30,21.18,71.67,16.26,22901
1.21,17.84,65.14,14.74,22901
1.28,14.44,49.18,11.32,22902
2.07,33.62,47.03,16.25,22903
1.47,23.15,54.81,15.72,22903
1.72,30.27,62.00,17.55,22903
1.77,29.16,68.28,16.43,22903
2.14,23.62,72.43,11.02,22903
1.99,23.21,72.55,11.68,22903
1.87,20.37,71.25,10.89,22903
1.54,19.56,65.52,12.71,22903
1.53,17.91,61.02,11.71,22903
1.73,22.99,58.56,13.32,22903
1.87,21.35,56.61,11.43,22903
1.90,17.43,79.40,9.15,22901
1.44,14.87,74.10,10.34,22901
1.27,12.60,66.23,9.94,22901
1.36,17.35,62.56,12.75,22902
1.78,23.38,79.21,13.10,22902
1.42,23.62,71.88,16.69,22902
1.29,20.78,66.91,16.14,22902
3.49,26.39,55.26,7.56,22903
1.73,16.37,84.81,9.45,22901
1.32,12.01,72.14,9.12,22901
1.27,16.19,69.10,12.79,22902
2.12,20.24,84.90,9.53,22902
2.83,43.76,81.75,15.45,22902
1.48,18.41,78.82,12.43,22902
1.44,10.96,73.88,7.61,22902
2.51,48.98,57.90,19.49,22903
1.65,23.88,60.92,14.47,22903
1.67,28.90,85.09,17.26,22903
1.85,24.96,85.38,13.49,22903
1.80,25.38,85.19,14.11,22903
1.52,28.96,80.38,19.09,22903
1.34,20.06,73.45,14.99,22903
1.24,11.15,67.50,9.03,22901
1.81,21.23,69.07,11.70,22901
1.70,22.47,72.05,13.18,22901
1.15,11.43,66.29,9.92,22901
1.06,12.08,59.92,11.36,22901
1.83,30.63,73.59,16.72,22901
2.00,29.39,75.16,14.70,22901
1.49,23.37,74.33,15.72,22901
1.74,27.26,71.87,15.69,22901
1.50,21.77,67.68,14.55,22901
1.46,26.64,64.10,18.20,22901
1.52,44.25,72.23,29.19,22903
1.31,22.02,73.94,16.79,22903
1.70,30.86,75.16,18.19,22903
1.62,27.19,74.07,16.79,22903
1.30,24.54,71.64,18.91,22903
1.20,19.95,67.28,16.61,22903
1.29,17.24,59.88,13.35,22901
1.14,14.92,70.97,13.14,22901
1.20,11.32,72.79,9.43,22901
1.60,12.49,73.73,7.81,22901
1.31,14.28,74.53,10.93,22901
1.47,13.43,74.79,9.11,22901
1.27,14.69,73.98,11.59,22901
1.27,14.22,72.80,11.18,22901
1.50,47.12,73.98,31.48,22903
1.43,23.54,78.77,16.45,22901
1.88,23.81,78.83,12.68,22901
1.46,18.62,76.91,12.72,22901
1.16,21.13,74.15,18.25,22901
1.22,17.32,71.04,14.16,22901
1.37,40.92,73.99,29.80,22902
1.93,17.89,59.96,9.29,22901
1.97,43.76,61.19,22.25,22901
1.36,26.86,59.40,19.70,22902
1.38,22.03,59.38,16.01,22903
1.43,41.52,62.46,28.93,22903
1.30,22.03,66.65,16.97,22903
1.70,22.16,66.96,13.00,22903
1.69,24.15,65.43,14.28,22903
1.59,28.82,60.93,18.11,22903
2.00,35.91,56.39,17.95,22903
1.68,22.30,52.38,13.27,22903
1.70,15.30,59.78,9.02,22903
1.47,19.37,60.29,13.20,22901
1.58,14.31,65.82,9.08,22901
2.78,24.38,49.53,8.76,22903
2.31,37.96,50.02,16.45,22903
1.33,19.85,58.37,14.88,22903
1.32,19.83,66.18,15.07,22903
1.35,20.12,69.54,14.94,22903
1.37,20.01,70.99,14.59,22903
1.64,16.47,70.51,10.05,22903
1.29,17.12,64.15,13.30,22903
1.67,19.45,61.08,11.67,22903
2.06,27.68,58.35,13.41,22903
2.45,31.63,57.34,12.93,22903
1.62,11.94,56.24,7.35,22901
2.19,26.65,59.32,12.14,22901
2.00,31.14,61.85,15.53,22901
1.88,25.93,65.60,13.79,22901
1.25,12.33,68.03,9.86,22901
1.19,8.96,56.25,7.53,22903
1.96,29.95,57.86,15.31,22903
2.15,31.16,58.47,14.47,22903
1.30,17.28,59.65,13.32,22903
1.78,23.10,60.75,12.96,22903
1.60,21.14,62.19,13.23,22903
1.42,14.95,64.45,10.51,22903
1.38,18.80,67.89,13.63,22903
1.10,13.93,65.47,12.72,22901
1.43,14.78,69.43,10.36,22901
1.61,50.74,68.68,31.59,22903
1.40,23.01,71.89,16.47,22903
1.37,24.41,73.96,17.78,22903
1.57,24.62,75.38,15.71,22903
1.37,24.78,75.04,18.06,22903
1.15,19.21,68.77,16.76,22903
1.13,11.94,56.95,10.55,22901
1.54,26.04,78.31,16.96,22901
1.64,25.97,78.36,15.85,22901
1.68,25.09,76.45,14.95,22901
1.44,26.72,70.86,18.62,22901
1.69,29.20,64.66,17.23,22901
1.60,17.60,55.89,10.97,22903
1.57,24.65,72.20,15.71,22903
1.63,31.66,73.90,19.39,22903
1.93,26.04,77.74,13.49,22903
1.99,24.49,78.73,12.31,22903
2.38,27.40,78.58,11.53,22903
1.40,18.44,61.54,13.21,22901
1.34,39.21,71.87,29.35,22901
1.68,25.23,53.61,15.02,22903
1.78,25.52,54.19,14.30,22903
1.51,19.61,61.70,12.99,22903
1.57,25.85,72.51,16.49,22903
1.62,23.50,72.29,14.50,22903
1.40,18.40,69.85,13.11,22903
1.39,26.56,65.10,19.16,22903
2.32,36.32,59.61,15.66,22903
1.44,15.10,65.40,10.51,22903
1.29,17.70,73.04,13.75,22903
1.27,17.69,75.94,13.92,22903
1.37,19.99,77.57,14.64,22903
1.48,17.16,78.85,11.59,22903
2.04,21.19,80.61,10.40,22903
1.97,23.48,80.76,11.90,22903
1.86,22.73,79.02,12.21,22903
1.71,22.94,75.11,13.45,22903
1.45,19.56,69.07,13.52,22903
1.28,17.68,66.61,13.82,22903
1.08,15.22,64.11,14.10,22903
1.23,16.16,57.75,13.12,22903
1.38,23.93,67.46,17.34,22903
1.50,21.99,69.36,14.67,22903
1.87,23.59,69.32,12.60,22903
1.62,30.84,66.70,19.01,22903
1.92,36.99,59.99,19.24,22903
1.63,58.60,66.31,35.97,22901
1.46,8.46,71.64,5.80,22901
1.38,14.23,72.90,10.34,22901
1.34,13.68,72.99,10.17,22901
1.77,14.22,73.58,8.05,22901
1.49,14.65,74.12,9.84,22901
1.68,15.03,73.95,8.95,22901
1.33,12.61,73.26,9.45,22901
1.65,62.74,62.89,38.00,22902
1.41,49.87,66.41,35.46,22902
1.97,26.02,47.36,13.22,22903
2.01,32.26,51.70,16.03,22903
1.79,21.55,62.53,12.01,22903
1.45,25.44,72.37,17.51,22903
1.94,30.69,73.78,15.80,22903
1.67,23.95,73.75,14.38,22903
1.34,27.60,70.18,20.53,22903
1.77,27.40,62.24,15.47,22903
2.00,23.95,59.87,11.96,22901
1.68,26.86,70.68,15.99,22901
1.66,24.15,74.96,14.55,22901
2.02,35.25,77.45,17.42,22901
1.70,20.56,78.86,12.11,22901
1.29,13.33,65.06,10.32,22901
2.43,20.89,71.34,8.61,22903
2.10,29.21,74.86,13.91,22903
2.28,25.86,76.51,11.33,22903
2.29,26.04,77.21,11.38,22903
2.43,27.78,78.12,11.41,22903
2.20,27.33,79.25,12.44,22903
3.04,32.11,79.38,10.55,22903
2.73,23.88,79.02,8.76,22903
2.46,34.72,77.95,14.12,22903
2.24,25.82,75.63,11.53,22903
1.31,16.17,54.12,12.33,22901
1.93,55.30,75.72,28.64,22901
1.75,27.58,75.86,15.75,22901
2.21,20.45,76.14,9.27,22901
1.84,32.17,76.33,17.53,22901
1.50,24.52,76.46,16.39,22901
1.73,26.53,75.08,15.31,22901
1.27,21.16,70.30,16.61,22901
1.50,27.67,65.91,18.47,22901
2.03,59.36,75.72,29.19,22903
1.89,30.23,75.86,15.96,22903
1.56,29.27,76.36,18.76,22903
1.41,23.09,76.39,16.35,22903
1.91,33.62,74.80,17.59,22903
1.30,21.38,69.79,16.49,22903
1.56,25.31,59.82,16.23,22901
1.62,21.97,65.24,13.59,22901
1.72,26.39,71.06,15.37,22901
1.89,26.99,72.20,14.31,22901
1.71,22.61,74.96,13.19,22901
1.66,20.95,78.30,12.59,22901
1.88,24.48,79.62,13.05,22901
1.51,19.25,79.79,12.78,22901
1.63,23.98,78.10,14.71,22901
1.60,36.17,58.03,22.59,22903
1.34,26.33,63.19,19.63,22903
1.52,30.39,72.40,19.97,22903
1.49,30.25,77.68,20.31,22903
1.69,33.09,79.76,19.63,22903
1.50,24.65,55.49,16.44,22901
1.60,24.53,60.97,15.32,22901
1.62,27.58,65.78,16.98,22901
1.62,26.16,70.10,16.17,22901
1.59,30.04,73.04,18.91,22901
2.18,21.78,73.96,9.99,22901
1.81,22.29,73.36,12.30,22901
1.89,25.62,71.89,13.52,22901
1.82,22.35,67.95,12.27,22901
1.51,21.46,63.20,14.20,22901
1.86,28.20,58.68,15.18,22901
1.70,19.69,55.04,11.59,22901
1.39,18.68,62.48,13.48,22903
1.80,13.05,73.64,7.23,22903
1.50,10.78,73.54,7.19,22903
1.19,13.52,71.61,11.32,22903
1.29,17.04,59.70,13.23,22901
2.00,25.66,77.56,12.82,22901
1.95,27.41,78.61,14.06,22901
1.36,23.35,77.13,17.11,22901
1.07,15.25,71.41,14.32,22901
1.91,28.16,48.17,14.78,22903
2.06,29.44,50.35,14.26,22903
1.99,25.28,57.58,12.68,22903
1.38,19.85,64.60,14.34,22903
2.22,16.48,76.23,7.43,22903
1.19,15.72,61.17,13.27,22901
1.37,18.45,78.77,13.44,22901
1.67,14.69,84.81,8.79,22901
1.89,20.04,85.46,10.60,22901
1.94,18.33,86.52,9.44,22901
2.00,20.03,87.01,10.02,22901
2.20,19.35,86.71,8.79,22901
1.94,20.09,86.05,10.35,22901
1.58,17.12,84.63,10.86,22901
1.66,21.80,55.81,13.11,22903
1.85,23.72,69.47,12.85,22903
1.86,33.82,84.38,18.16,22903
2.26,31.69,86.71,14.02,22903
2.42,35.13,86.19,14.50,22903
1.97,34.55,81.59,17.57,22903
1.69,32.91,80.93,19.50,22903
1.60,25.37,73.23,15.88,22903
1.75,11.94,84.76,6.82,22901
1.96,15.73,88.46,8.01,22901
1.98,14.94,92.91,7.54,22901
2.03,20.19,93.30,9.96,22901
2.87,28.70,93.32,9.99,22903
2.15,24.42,92.85,11.38,22903
2.30,31.10,91.02,13.53,22903
2.87,36.52,91.02,12.75,22903
2.25,25.37,88.14,11.30,22903
2.11,35.50,88.14,16.83,22903
2.20,26.42,83.19,12.02,22903
1.82,29.00,80.02,15.90,22903
1.69,19.36,78.38,11.43,22903
1.44,18.50,73.01,12.82,22903
1.19,12.62,69.65,10.64,22903
1.46,22.04,67.41,15.13,22901
1.50,33.56,60.38,22.43,22901
1.67,41.79,69.82,24.97,22903
1.43,23.77,69.46,16.59,22903
1.52,28.56,67.37,18.79,22903
1.38,26.05,63.34,18.88,22903
1.25,24.28,60.28,19.43,22903
1.20,24.84,58.82,20.73,22903
1.88,83.51,58.30,44.48,22903
1.76,44.18,70.75,25.04,22901
1.44,22.28,72.96,15.49,22901
1.42,25.39,73.58,17.92,22901
1.06,16.91,72.17,15.99,22901
1.18,20.98,65.75,17.84,22901
1.08,17.61,61.77,16.34,22901
1.69,48.33,70.75,28.68,22903
1.91,28.52,73.00,14.94,22903
1.99,29.66,73.55,14.91,22903
1.71,26.85,73.01,15.74,22903
1.53,23.69,66.25,15.43,22903
1.27,20.68,62.34,16.31,22903
1.30,25.02,58.73,19.21,22903
1.39,18.18,62.03,13.12,22901
1.31,14.65,76.28,11.17,22901
1.54,15.92,76.37,10.35,22901
2.03,18.51,76.33,9.12,22901
1.61,17.30,75.66,10.72,22901
1.53,14.71,75.56,9.60,22901
1.42,15.03,75.54,10.55,22901
1.21,15.40,75.58,12.71,22901
1.50,16.21,52.03,10.84,22903
1.43,17.91,59.29,12.48,22903
1.63,22.48,64.68,13.81,22903
1.86,17.57,70.34,9.43,22903
1.74,20.94,74.02,12.07,22903
1.97,25.52,76.31,12.98,22903
1.63,16.34,75.74,10.04,22903
1.38,12.92,69.06,9.34,22903
1.37,20.33,79.38,14.86,22901
1.59,13.72,80.82,8.65,22901
1.63,18.13,80.92,11.10,22901
1.74,17.03,80.94,9.79,22901
2.00,19.40,79.14,9.71,22901
1.82,13.87,76.17,7.63,22901
1.29,16.41,74.20,12.74,22901
1.30,15.02,74.30,11.52,22901
1.16,18.72,60.64,16.08,22903
1.72,22.43,55.65,13.02,22903
1.55,19.87,65.65,12.85,22903
1.51,14.94,74.05,9.87,22901
1.38,14.56,75.22,10.57,22901
1.61,14.47,75.12,8.99,22901
1.65,12.82,74.75,7.78,22901
1.37,14.42,73.96,10.56,22901
1.36,13.37,73.27,9.83,22901
1.23,12.76,72.74,10.39,22901
1.09,12.47,71.89,11.46,22901
1.84,24.33,52.47,13.24,22901
1.46,18.62,62.47,12.76,22901
1.42,11.52,74.91,8.09,22901
1.64,16.72,75.42,10.20,22901
1.45,14.46,75.52,9.99,22901
1.56,15.92,74.43,10.20,22901
1.58,14.41,74.08,9.11,22901
1.17,13.49,73.31,11.51,22901
1.26,13.98,70.72,11.13,22901
1.56,20.36,57.01,13.02,22901
1.74,22.66,64.06,13.03,22901
1.64,16.50,72.88,10.09,22901
2.00,15.63,73.63,7.81,22901
1.82,17.16,73.74,9.42,22901
1.98,19.04,73.72,9.63,22901
1.82,17.17,73.35,9.42,22901
1.51,17.74,72.53,11.73,22901
2.04,26.17,58.59,12.85,22901
1.83,20.15,67.87,10.99,22901
2.19,33.33,76.22,15.23,22901
2.21,37.25,79.78,16.88,22901
1.76,87.10,59.44,49.38,22902
2.02,35.82,68.12,17.73,22901
1.62,31.51,75.32,19.41,22901
1.96,30.36,79.83,15.50,22901
1.70,35.02,82.18,20.56,22901
2.04,36.11,85.14,17.69,22901
1.87,30.05,86.16,16.08,22901
2.12,33.00,87.27,15.59,22901
1.93,34.95,88.09,18.14,22901
2.20,40.32,87.68,18.32,22901
1.21,27.30,87.49,22.54,22901
1.81,29.50,87.30,16.34,22901
1.83,16.07,80.88,8.80,22903
1.76,16.82,80.48,9.55,22903
1.59,15.61,79.00,9.81,22903
1.23,15.04,76.73,12.24,22903
1.43,14.32,73.06,10.01,22903
1.34,13.92,69.99,10.35,22903
1.60,19.54,68.16,12.22,22903
1.70,25.03,77.18,14.75,22903
1.63,22.01,78.24,13.52,22903
1.39,20.04,76.75,14.46,22903
1.14,16.27,72.60,14.27,22903
1.91,40.34,72.99,21.10,22901
1.23,16.18,68.01,13.17,22903
1.62,18.55,70.15,11.44,22903
1.72,26.09,73.20,15.14,22903
1.33,19.80,67.29,14.85,22903
1.69,9.47,64.89,5.59,22903
1.53,26.32,77.76,17.24,22903
1.59,22.42,78.63,14.14,22903
1.87,21.23,78.33,11.36,22903
1.46,21.80,76.37,14.92,22903
1.36,29.31,75.49,21.54,22903
1.45,25.84,70.26,17.82,22903
2.75,30.05,78.69,10.92,22903
2.53,26.85,78.69,10.60,22903
2.57,26.11,78.69,10.14,22903
1.52,20.33,69.36,13.34,22903
1.41,18.23,74.52,12.96,22903
1.64,21.47,77.96,13.07,22903
1.59,25.07,80.42,15.77,22903
1.93,21.22,80.87,10.99,22903
1.81,24.56,81.86,13.58,22903
1.70,43.16,82.04,25.33,22903
1.93,71.01,69.17,36.76,22901
1.79,69.82,74.31,39.07,22901
1.23,33.02,78.48,26.80,22901
1.84,17.27,85.26,9.40,22902
1.93,19.70,85.71,10.20,22902
1.81,17.45,85.77,9.63,22902
1.98,21.20,84.40,10.71,22902
1.89,18.83,83.46,9.99,22902
1.54,16.05,81.94,10.39,22902
1.46,15.17,79.57,10.40,22902
1.61,20.77,72.04,12.93,22903
1.80,19.77,71.38,11.01,22901
2.08,11.94,76.19,5.75,22901
1.64,28.17,76.52,17.17,22901
1.68,23.25,76.94,13.81,22901
1.44,22.27,74.63,15.51,22901
1.14,16.50,71.36,14.43,22901
1.36,17.95,74.52,13.17,22902
1.42,17.09,76.04,12.01,22902
1.62,15.99,76.21,9.87,22902
1.54,17.91,76.84,11.59,22902
1.52,16.26,77.33,10.71,22902
1.64,15.24,76.66,9.28,22902
1.31,13.05,75.95,9.96,22902
1.33,13.87,74.46,10.40,22902
2.03,26.74,66.88,13.16,22903
1.58,27.27,75.46,17.27,22903
1.60,24.99,76.99,15.58,22903
1.81,24.44,75.93,13.52,22903
1.71,37.05,72.87,21.60,22903
2.01,31.58,69.22,15.73,22903
1.21,15.74,63.89,13.04,22901
1.42,19.67,65.39,13.86,22901
1.39,19.49,63.25,14.06,22901
1.30,18.18,61.39,13.96,22901
1.28,18.63,59.73,14.52,22901
1.36,24.05,65.80,17.68,22902
1.49,19.25,63.08,12.89,22902
1.85,32.74,60.13,17.70,22902
1.85,27.64,59.21,14.90,22902
1.38,12.37,65.71,8.94,22903
1.25,13.93,65.70,11.16,22903
1.14,13.03,64.81,11.39,22903
1.23,12.13,63.48,9.87,22903
1.40,13.44,62.90,9.61,22903
1.70,17.10,62.07,10.04,22903
1.45,15.81,61.16,10.90,22903
1.51,25.05,58.91,16.63,22901
1.58,23.64,59.37,14.98,22901
1.56,21.58,60.68,13.81,22901
1.62,22.50,61.78,13.91,22901
1.67,23.89,61.92,14.34,22901
1.47,19.25,63.58,13.06,22901
1.50,18.56,65.18,12.34,22901
1.32,24.79,65.64,18.75,22902
1.42,22.24,66.93,15.63,22902
1.41,19.45,67.15,13.81,22902
1.29,25.73,66.67,19.90,22902
1.15,19.70,65.80,17.16,22902
1.35,17.36,61.16,12.86,22903
1.38,12.59,75.26,9.15,22901
1.36,13.52,75.92,9.95,22901
1.42,13.18,75.09,9.28,22901
1.96,20.30,72.39,10.35,22901
1.71,13.35,72.41,7.81,22901
1.56,14.18,72.79,9.08,22901
1.38,24.49,75.05,17.78,22903
1.36,20.85,74.06,15.33,22903
1.33,19.92,72.48,14.99,22903
1.19,23.36,72.72,19.66,22903
1.48,19.59,70.78,13.20,22903
1.70,75.59,69.31,44.35,22901
1.35,18.56,69.62,13.71,22901
1.38,24.75,71.69,17.99,22901
1.25,20.05,73.81,15.99,22901
1.40,23.70,76.58,16.95,22901
1.33,21.40,78.43,16.06,22901
1.67,18.74,80.94,11.20,22901
1.35,16.85,78.18,12.45,22901
1.30,16.05,75.22,12.39,22901
1.45,17.45,72.97,12.04,22901
1.29,15.54,71.51,12.07,22901
1.92,21.74,72.11,11.31,22903
2.28,28.71,78.27,12.58,22903
1.70,60.44,86.02,35.60,22901
1.56,30.82,83.29,19.70,22901
1.50,30.27,81.63,20.11,22901
1.29,24.56,76.32,18.98,22901
1.30,28.44,73.57,21.90,22901
1.76,58.08,85.87,33.06,22903
1.50,24.58,83.01,16.41,22903
1.42,25.21,82.39,17.71,22903
1.31,21.05,79.31,16.04,22903
1.23,22.59,73.67,18.33,22903
1.13,18.06,73.05,15.91,22903
1.89,23.11,69.10,12.22,22901
1.63,13.80,78.63,8.45,22901
1.94,22.94,85.77,11.85,22901
1.50,21.24,84.83,14.16,22901
1.42,23.38,82.66,16.42,22901
1.34,16.54,79.29,12.36,22901
1.30,30.71,68.45,23.63,22903
1.21,16.63,69.95,13.73,22903
1.33,17.19,79.16,12.89,22903
1.73,16.71,85.80,9.67,22903
2.04,18.42,85.83,9.01,22903
1.58,18.99,85.28,12.01,22903
1.61,18.98,84.09,11.76,22903
1.93,19.29,83.44,9.99,22903
1.59,18.14,82.86,11.41,22903
1.60,17.57,81.67,10.99,22903
1.68,21.19,81.18,12.58,22901
1.40,20.43,79.92,14.63,22901
1.40,19.57,70.25,14.02,22901
1.28,18.42,67.26,14.41,22901
1.69,28.38,67.33,16.83,22903
1.75,26.83,67.33,15.34,22903
1.78,23.40,68.22,13.17,22903
1.97,26.83,69.42,13.64,22903
1.94,22.52,69.61,11.59,22903
1.86,20.25,69.75,10.89,22903
1.79,21.31,70.45,11.91,22903
1.70,20.65,72.88,12.17,22903
1.46,12.70,79.78,8.68,22903
1.48,18.16,80.65,12.25,22903
1.67,20.08,82.44,12.01,22903
1.56,16.67,81.07,10.71,22903
1.40,13.22,78.15,9.44,22903
1.15,12.36,73.99,10.76,22903
1.55,15.97,68.27,10.27,22903
1.26,16.58,70.53,13.21,22901
1.53,19.88,79.36,13.00,22901
1.60,21.85,79.47,13.62,22901
1.35,23.70,78.62,17.59,22901
1.11,15.98,75.68,14.37,22901
1.45,19.17,65.07,13.19,22903
1.57,19.46,70.49,12.40,22903
1.72,23.92,77.79,13.93,22903
1.47,16.17,79.17,11.01,22903
1.89,18.09,79.29,9.55,22903
1.47,16.87,79.56,11.49,22903
1.54,19.10,79.56,12.42,22903
1.95,18.76,79.40,9.60,22903
1.60,17.48,79.19,10.93,22903
1.51,15.92,78.57,10.56,22903
1.41,14.47,81.65,10.26,22901
1.68,18.70,82.21,11.12,22901
1.58,16.29,82.99,10.33,22901
1.63,17.49,83.37,10.71,22901
1.83,19.21,83.24,10.48,22901
1.51,15.23,83.07,10.07,22901
1.35,15.56,82.58,11.52,22901
1.42,56.54,74.41,39.69,22903
1.84,32.77,78.06,17.79,22903
1.82,38.31,81.63,21.09,22903
1.90,39.98,84.79,21.08,22901
1.65,28.55,83.22,17.28,22901
1.52,31.84,78.81,20.92,22901
1.31,33.61,73.39,25.71,22901
1.71,31.10,84.83,18.16,22902
1.53,23.40,84.21,15.25,22902
1.55,22.87,82.20,14.79,22902
2.42,20.32,84.32,8.39,22903
2.35,22.15,84.69,9.42,22903
2.28,18.79,85.06,8.26,22903
2.02,17.61,84.42,8.71,22903
2.20,16.33,83.56,7.43,22903
1.67,18.26,82.21,10.91,22903