Block,Block Series,max_dist,max_time,max_time_h,Speed,Avrg_Temp,Max_Temp,Min_Temp,99th,95th,90th,Prediction Consumption_avrg,Prediction Consumption_max,Prediction Consumption_min,Prediction_99,Prediction_95,Prediction_90,Avrg_Consumption,Min_Consumption ,99_Consumption ,95_Consumption ,90_Consumption ,Battery,Complete_avrg,No_ Complete_100,Complete_99,Complete_95,Complete_90,100_Gap kWh,99_Gap kWh,95_Gap kWh,90_Gap kWh
160WY001,160,132.1,25140,7.0,18.9,55.0,100,6,7.7,14.3,22,42.9,49.5,84.1,81.8,73.5,65.1,299.4,587.1,571.2,513.6,454.4,364,0,1,1,1,1,223.1,207.2,149.6,90.4
160WY002,160,109.9,21540,6.0,18.4,55.0,100,6,7.7,14.3,22,41.9,48.5,83.1,80.8,72.5,64.1,250.5,497.1,483.5,434.1,383.4,364,0,1,1,1,1,133.1,119.5,70.1,19.4
160WY003,160,109.9,22620,6.3,17.5,55.0,100,6,7.7,14.3,22,40.3,46.9,81.5,79.2,71.0,62.5,253.2,512.0,497.7,445.9,392.7,364,0,1,1,1,1,148.0,133.7,81.9,28.7
160WY004,160,132.1,24720,6.9,19.2,55.0,100,6,7.7,14.3,22,43.5,50.0,84.7,82.4,74.1,65.7,298.4,581.3,565.7,509.0,450.9,364,0,1,1,1,1,217.3,201.7,145.0,86.9
160WY005,160,132.1,24060,6.7,19.8,55.0,100,6,7.7,14.3,22,44.4,51.0,85.6,83.3,75.1,66.6,296.8,572.2,557.0,501.8,445.2,364,0,1,1,1,1,208.2,193.0,137.8,81.2
160WY006,160,132.1,24960,6.9,19.1,55.0,100,6,7.7,14.3,22,43.1,49.7,84.3,82.0,73.8,65.3,299.0,584.6,568.8,511.6,452.9,364,0,1,1,1,1,220.6,204.8,147.6,88.9
160WY007,160,108.4,19560,5.4,19.9,55.0,100,6,7.7,14.3,22,44.8,51.3,85.9,83.7,75.4,67.0,243.1,467.0,454.6,409.8,363.8,364,0,1,1,1,0,103.0,90.6,45.8,0.0
160WY008,160,47.5,6900,1.9,24.8,55.0,100,6,7.7,14.3,22,53.6,60.2,94.8,92.5,84.3,75.8,102.7,181.7,177.3,161.5,145.3,364,0,0,0,0,0,0.0,0.0,0.0,0.0
160WY009,160,47.5,6480,1.8,26.4,55.0,100,6,7.7,14.3,22,56.6,63.2,97.8,95.5,87.3,78.8,101.8,176.0,171.9,157.1,141.8,364,0,0,0,0,0,0.0,0.0,0.0,0.0
160WY010,160,106.9,19620,5.5,19.6,55.0,100,6,7.7,14.3,22,44.1,50.7,85.3,83.1,74.8,66.3,240.5,465.1,452.7,407.7,361.5,364,0,1,1,1,0,101.1,88.7,43.7,0.0
160WY011,160,42.5,7440,2.1,20.6,55.0,100,6,7.7,14.3,22,45.9,52.5,87.1,84.8,76.6,68.1,94.9,180.0,175.3,158.3,140.7,364,0,0,0,0,0,0.0,0.0,0.0,0.0
160WY012,160,20.3,3600,1.0,20.3,55.0,100,6,7.7,14.3,22,45.4,52.0,86.6,84.4,76.1,67.6,45.4,86.6,84.4,76.1,67.6,364,0,0,0,0,0,0.0,0.0,0.0,0.0
160WY013,160,20.3,3600,1.0,20.3,55.0,100,6,7.7,14.3,22,45.4,52.0,86.6,84.4,76.1,67.6,45.4,86.6,84.4,76.1,67.6,364,0,0,0,0,0,0.0,0.0,0.0,0.0
160WY014,160,76.2,15960,4.4,17.2,55.0,100,6,7.7,14.3,22,39.8,46.3,80.9,78.7,70.4,62.0,176.2,358.9,348.8,312.2,274.7,364,0,0,0,0,0,0.0,0.0,0.0,0.0
160WY015,160,63.9,12600,3.5,18.3,55.0,100,6,7.7,14.3,22,41.7,48.3,82.9,80.6,72.4,63.9,145.9,290.1,282.1,253.3,223.6,364,0,0,0,0,0,0.0,0.0,0.0,0.0
160WY016,160,105.6,20160,5.6,18.9,55.0,100,6,7.7,14.3,22,42.8,49.4,84.0,81.7,73.4,65.0,239.5,470.2,457.5,411.3,363.9,364,0,1,1,1,0,106.2,93.5,47.3,0.0
160WY017,160,83.4,15960,4.4,18.8,55.0,100,6,7.7,14.3,22,42.7,49.3,83.9,81.6,73.4,64.9,189.3,371.9,361.8,325.2,287.7,364,0,1,0,0,0,7.9,0.0,0.0,0.0
160WY018,160,81.5,15780,4.4,18.6,55.0,100,6,7.7,14.3,22,42.3,48.9,83.5,81.2,72.9,64.5,185.3,365.9,355.9,319.8,282.6,364,0,1,0,0,0,1.9,0.0,0.0,0.0
160WY019,160,49.2,8760,2.4,20.2,55.0,100,6,7.7,14.3,22,45.3,51.8,86.5,84.2,75.9,67.5,110.1,210.4,204.8,184.8,164.2,364,0,0,0,0,0,0.0,0.0,0.0,0.0
160WY020,160,125.1,22500,6.3,20.0,55.0,100,6,7.7,14.3,22,44.9,51.5,86.1,83.8,75.6,67.1,280.5,538.0,523.8,472.2,419.3,364,0,1,1,1,1,174.0,159.8,108.2,55.3
160WY021,160,26.5,2640,0.7,36.1,55.0,100,6,7.7,14.3,22,74.8,81.3,116.0,113.7,105.4,97.0,54.8,85.0,83.4,77.3,71.1,364,0,0,0,0,0,0.0,0.0,0.0,0.0
160WY022,160,103.3,18300,5.1,20.3,55.0,100,6,7.7,14.3,22,45.4,52.0,86.6,84.4,76.1,67.6,230.9,440.4,428.8,386.9,343.8,364,0,1,1,1,0,76.4,64.8,22.9,0.0
160WY023,160,101.4,16140,4.5,22.6,55.0,100,6,7.7,14.3,22,49.6,56.2,90.8,88.5,80.3,71.8,222.5,407.2,397.0,360.0,322.0,364,0,1,1,0,0,43.2,33.0,0.0,0.0
160WY024,160,19.9,3840,1.1,18.6,55.0,100,6,7.7,14.3,22,42.4,49.0,83.6,81.3,73.0,64.6,45.2,89.1,86.7,77.9,68.9,364,0,0,0,0,0,0.0,0.0,0.0,0.0
160WY025,160,19.9,3660,1.0,19.6,55.0,100,6,7.7,14.3,22,44.0,50.6,85.2,83.0,74.7,66.2,44.8,86.7,84.3,76.0,67.3,364,0,0,0,0,0,0.0,0.0,0.0,0.0
160WY026,160,19.9,3600,1.0,19.9,55.0,100,6,7.7,14.3,22,44.6,51.2,85.8,83.6,75.3,66.8,44.6,85.8,83.6,75.3,66.8,364,0,0,0,0,0,0.0,0.0,0.0,0.0
160WY027,160,19.9,3360,0.9,21.3,55.0,100,6,7.7,14.3,22,47.2,53.8,88.4,86.2,77.9,69.4,44.1,82.5,80.4,72.7,64.8,364,0,0,0,0,0,0.0,0.0,0.0,0.0
161WY001,161,123.8,22800,6.3,19.6,55.0,100,6,7.7,14.3,22,44.0,50.6,85.2,83.0,74.7,66.2,278.9,539.8,525.4,473.1,419.5,364,0,1,1,1,1,175.8,161.4,109.1,55.5
161WY002,161,122.8,21660,6.0,20.4,55.0,100,6,7.7,14.3,22,45.6,52.2,86.8,84.5,76.3,67.8,274.4,522.2,508.6,458.9,407.9,364,0,1,1,1,1,158.2,144.6,94.9,43.9
161WY003,161,123.8,23280,6.5,19.2,55.0,100,6,7.7,14.3,22,43.3,49.9,84.5,82.2,74.0,65.5,280.0,546.4,531.7,478.4,423.6,364,0,1,1,1,1,182.4,167.7,114.4,59.6
161WY004,161,122.7,23100,6.4,19.1,55.0,100,6,7.7,14.3,22,43.2,49.8,84.4,82.2,73.9,65.4,277.5,541.8,527.3,474.3,419.9,364,0,1,1,1,1,177.8,163.3,110.3,55.9
161WY005,161,124.1,22260,6.2,20.1,55.0,100,6,7.7,14.3,22,45.0,51.5,86.2,83.9,75.6,67.2,278.1,532.8,518.7,467.7,415.3,364,0,1,1,1,1,168.8,154.7,103.7,51.3
161WY006,161,100.6,19320,5.4,18.7,55.0,100,6,7.7,14.3,22,42.5,49.1,83.7,81.5,73.2,64.8,228.3,449.4,437.2,393.0,347.5,364,0,1,1,1,0,85.4,73.2,29.0,0.0
161WY007,161,122.8,22860,6.4,19.3,55.0,100,6,7.7,14.3,22,43.6,50.2,84.8,82.6,74.3,65.8,277.1,538.7,524.3,471.9,418.1,364,0,1,1,1,1,174.7,160.3,107.9,54.1
161WY008,161,122.8,22200,6.2,19.9,55.0,100,6,7.7,14.3,22,44.7,51.3,85.9,83.6,75.4,66.9,275.6,529.7,515.7,464.8,412.6,364,0,1,1,1,1,165.7,151.7,100.8,48.6
161WY009,161,122.8,20040,5.6,22.1,55.0,100,6,7.7,14.3,22,48.6,55.2,89.8,87.5,79.3,70.8,270.5,499.9,487.2,441.3,394.1,364,0,1,1,1,1,135.9,123.2,77.3,30.1
161WY010,161,62.0,14340,4.0,15.6,55.0,100,6,7.7,14.3,22,36.8,43.4,78.0,75.7,67.5,59.0,146.7,310.8,301.7,268.8,235.1,364,0,0,0,0,0,0.0,0.0,0.0,0.0
161WY011,161,101.9,21600,6.0,17.0,55.0,100,6,7.7,14.3,22,39.4,45.9,80.6,78.3,70.0,61.6,236.2,483.4,469.8,420.2,369.4,364,0,1,1,1,1,119.4,105.8,56.2,5.4
161WY012,161,122.8,24120,6.7,18.3,55.0,100,6,7.7,14.3,22,41.8,48.4,83.0,80.7,72.5,64.0,280.0,556.1,540.8,485.5,428.8,364,0,1,1,1,1,192.1,176.8,121.5,64.8
161WY013,161,123.9,22020,6.1,20.3,55.0,100,6,7.7,14.3,22,45.3,51.9,86.5,84.2,76.0,67.5,277.2,529.2,515.3,464.8,413.0,364,0,1,1,1,1,165.2,151.3,100.8,49.0
161WY014,161,124.5,24780,6.9,18.1,55.0,100,6,7.7,14.3,22,41.4,47.9,82.6,80.3,72.0,63.6,284.7,568.3,552.6,495.8,437.5,364,0,1,1,1,1,204.3,188.6,131.8,73.5
161WY015,161,40.9,9060,2.5,16.3,55.0,100,6,7.7,14.3,22,38.1,44.7,79.3,77.0,68.7,60.3,95.8,199.5,193.8,173.0,151.7,364,0,0,0,0,0,0.0,0.0,0.0,0.0
161WY016,161,41.0,9360,2.6,15.8,55.0,100,6,7.7,14.3,22,37.2,43.8,78.4,76.1,67.9,59.4,96.7,203.8,197.9,176.4,154.4,364,0,0,0,0,0,0.0,0.0,0.0,0.0
161WY017,161,101.7,17820,5.0,20.5,55.0,100,6,7.7,14.3,22,45.8,52.4,87.0,84.8,76.5,68.0,226.9,430.9,419.6,378.8,336.8,364,0,1,1,1,0,66.9,55.6,14.8,0.0
161WY018,161,64.1,9120,2.5,25.3,55.0,100,6,7.7,14.3,22,54.6,61.1,95.8,93.5,85.2,76.8,138.2,242.6,236.8,215.9,194.5,364,0,0,0,0,0,0.0,0.0,0.0,0.0
161WY019,161,43.5,6900,1.9,22.7,55.0,100,6,7.7,14.3,22,49.7,56.3,90.9,88.7,80.4,72.0,95.4,174.3,170.0,154.1,137.9,364,0,0,0,0,0,0.0,0.0,0.0,0.0
161WY020,161,61.1,10260,2.9,21.4,55.0,100,6,7.7,14.3,22,47.5,54.0,88.7,86.4,78.1,69.7,135.3,252.7,246.2,222.7,198.6,364,0,0,0,0,0,0.0,0.0,0.0,0.0
161WY021,161,122.8,23940,6.7,18.5,55.0,100,6,7.7,14.3,22,42.0,48.6,83.2,81.0,72.7,64.3,279.6,553.6,538.5,483.6,427.3,364,0,1,1,1,1,189.6,174.5,119.6,63.3
161WY022,161,21.3,3720,1.0,20.6,55.0,100,6,7.7,14.3,22,46.0,52.6,87.2,85.0,76.7,68.2,47.6,90.1,87.8,79.3,70.5,364,0,0,0,0,0,0.0,0.0,0.0,0.0
161WY023,161,83.9,16680,4.6,18.1,55.0,100,6,7.7,14.3,22,41.4,48.0,82.6,80.3,72.1,63.6,191.8,382.7,372.2,333.9,294.7,364,0,1,1,0,0,18.7,8.2,0.0,0.0
161WY024,161,37.7,7620,2.1,17.8,55.0,100,6,7.7,14.3,22,40.9,47.4,82.1,79.8,71.5,63.1,86.5,173.7,168.9,151.4,133.5,364,0,0,0,0,0,0.0,0.0,0.0,0.0
161WY025,161,41.0,8160,2.3,18.1,55.0,100,6,7.7,14.3,22,41.3,47.9,82.5,80.3,72.0,63.5,93.7,187.1,181.9,163.2,144.0,364,0,0,0,0,0,0.0,0.0,0.0,0.0
161WY026,161,28.4,6120,1.7,16.7,55.0,100,6,7.7,14.3,22,38.9,45.5,80.1,77.8,69.6,61.1,66.1,136.1,132.3,118.2,103.8,364,0,0,0,0,0,0.0,0.0,0.0,0.0
161WY027,161,32.7,6480,1.8,18.2,55.0,100,6,7.7,14.3,22,41.5,48.1,82.7,80.4,72.2,63.7,74.7,148.9,144.8,129.9,114.7,364,0,0,0,0,0,0.0,0.0,0.0,0.0
161WY028,161,35.5,6540,1.8,19.5,55.0,100,6,7.7,14.3,22,44.0,50.6,85.2,82.9,74.6,66.2,79.9,154.7,150.6,135.6,120.2,364,0,0,0,0,0,0.0,0.0,0.0,0.0
161WY029,161,102.8,21180,5.9,17.5,55.0,100,6,7.7,14.3,22,40.3,46.8,81.5,79.2,70.9,62.5,236.9,479.3,465.9,417.4,367.5,364,0,1,1,1,1,115.3,101.9,53.4,3.5
161WY030,161,80.7,17940,5.0,16.2,55.0,100,6,7.7,14.3,22,37.9,44.5,79.1,76.9,68.6,60.1,189.1,394.4,383.1,341.9,299.7,364,0,1,1,0,0,30.4,19.1,0.0,0.0
161WY031,161,60.8,10200,2.8,21.5,55.0,100,6,7.7,14.3,22,47.5,54.1,88.7,86.5,78.2,69.7,134.7,251.4,245.0,221.6,197.6,364,0,0,0,0,0,0.0,0.0,0.0,0.0
161WY032,161,82.8,17820,5.0,16.7,55.0,100,6,7.7,14.3,22,38.9,45.5,80.1,77.9,69.6,61.1,192.7,396.7,385.4,344.5,302.6,364,0,1,1,0,0,32.7,21.4,0.0,0.0
161WY033,161,58.1,12240,3.4,17.1,55.0,100,6,7.7,14.3,22,39.6,46.2,80.8,78.5,70.3,61.8,134.6,274.6,266.9,238.9,210.1,364,0,0,0,0,0,0.0,0.0,0.0,0.0
161WY034,161,38.8,9300,2.6,15.0,55.0,100,6,7.7,14.3,22,35.8,42.4,77.0,74.8,66.5,58.0,92.6,199.0,193.1,171.8,149.9,364,0,0,0,0,0,0.0,0.0,0.0,0.0
161WY035,161,75.0,15480,4.3,17.4,55.0,100,6,7.7,14.3,22,40.2,46.8,81.4,79.1,70.9,62.4,172.8,350.0,340.2,304.7,268.3,364,0,0,0,0,0,0.0,0.0,0.0,0.0
161WY036,161,42.5,10080,2.8,15.2,55.0,100,6,7.7,14.3,22,36.2,42.7,77.4,75.1,66.8,58.4,101.2,216.6,210.2,187.1,163.4,364,0,0,0,0,0,0.0,0.0,0.0,0.0
161WY037,161,81.8,17460,4.9,16.9,55.0,100,6,7.7,14.3,22,39.2,45.8,80.4,78.1,69.8,61.4,190.0,389.8,378.8,338.8,297.7,364,0,1,1,0,0,25.8,14.8,0.0,0.0
161WY038,161,40.9,9060,2.5,16.2,55.0,100,6,7.7,14.3,22,38.1,44.6,79.3,77.0,68.7,60.3,95.8,199.5,193.7,173.0,151.7,364,0,0,0,0,0,0.0,0.0,0.0,0.0
161WY039,161,40.9,9660,2.7,15.2,55.0,100,6,7.7,14.3,22,36.3,42.8,77.5,75.2,66.9,58.5,97.3,207.9,201.8,179.6,156.9,364,0,0,0,0,0,0.0,0.0,0.0,0.0
161WY040,161,58.6,11940,3.3,17.7,55.0,100,6,7.7,14.3,22,40.6,47.2,81.8,79.6,71.3,62.8,134.8,271.4,263.9,236.5,208.4,364,0,0,0,0,0,0.0,0.0,0.0,0.0
161WY041,161,67.9,12000,3.3,20.4,55.0,100,6,7.7,14.3,22,45.5,52.1,86.7,84.5,76.2,67.7,151.8,289.1,281.5,254.0,225.8,364,0,0,0,0,0,0.0,0.0,0.0,0.0
161WY042,161,41.8,9360,2.6,16.1,55.0,100,6,7.7,14.3,22,37.8,44.3,79.0,76.7,68.4,60.0,98.2,205.3,199.4,177.9,155.9,364,0,0,0,0,0,0.0,0.0,0.0,0.0
161WY043,161,71.3,13620,3.8,18.9,55.0,100,6,7.7,14.3,22,42.8,49.3,84.0,81.7,73.4,65.0,161.8,317.7,309.1,277.8,245.8,364,0,0,0,0,0,0.0,0.0,0.0,0.0
161WY044,161,96.0,19020,5.3,18.2,55.0,100,6,7.7,14.3,22,41.5,48.1,82.7,80.4,72.2,63.7,219.3,437.0,425.0,381.4,336.6,364,0,1,1,1,0,73.0,61.0,17.4,0.0
161WY045,161,38.7,8160,2.3,17.1,55.0,100,6,7.7,14.3,22,39.5,46.1,80.7,78.5,70.2,61.7,89.6,183.0,177.8,159.1,139.9,364,0,0,0,0,0,0.0,0.0,0.0,0.0
161WY046,161,40.9,8760,2.4,16.8,55.0,100,6,7.7,14.3,22,39.1,45.6,80.3,78.0,69.7,61.3,95.1,195.3,189.8,169.7,149.1,364,0,0,0,0,0,0.0,0.0,0.0,0.0
161WY048,161,30.8,6060,1.7,18.3,55.0,100,6,7.7,14.3,22,41.7,48.3,82.9,80.7,72.4,63.9,70.3,139.6,135.8,121.9,107.6,364,0,0,0,0,0,0.0,0.0,0.0,0.0
161WY048,161,122.7,22440,6.2,19.7,55.0,100,6,7.7,14.3,22,44.3,50.8,85.5,83.2,74.9,66.5,275.9,532.7,518.5,467.1,414.3,364,0,1,1,1,1,168.7,154.5,103.1,50.3
161WY049,161,42.4,8280,2.3,18.4,55.0,100,6,7.7,14.3,22,42.0,48.6,83.2,80.9,72.7,64.2,96.6,191.4,186.2,167.2,147.7,364,0,0,0,0,0,0.0,0.0,0.0,0.0
161WY050,161,20.8,4560,1.3,16.4,55.0,100,6,7.7,14.3,22,38.4,45.0,79.6,77.3,69.0,60.6,48.6,100.8,97.9,87.5,76.7,364,0,0,0,0,0,0.0,0.0,0.0,0.0
161WY051,161,122.8,21720,6.0,20.4,55.0,100,6,7.7,14.3,22,45.5,52.1,86.7,84.4,76.2,67.7,274.4,523.0,509.3,459.5,408.4,364,0,1,1,1,1,159.0,145.3,95.5,44.4
161WY052,161,142.8,25020,7.0,20.6,55.0,100,6,7.7,14.3,22,45.9,52.4,87.1,84.8,76.5,68.1,318.7,605.0,589.2,531.9,473.0,364,0,1,1,1,1,241.0,225.2,167.9,109.0
164WY001,164,48.9,6360,1.8,27.7,55.0,100,6,7.7,14.3,22,59.0,65.6,100.2,97.9,89.7,81.2,104.2,177.0,173.0,158.4,143.5,364,0,0,0,0,0,0.0,0.0,0.0,0.0
164WY002,164,55.7,6120,1.7,32.8,55.0,100,6,7.7,14.3,22,68.5,75.1,109.7,107.5,99.2,90.7,116.5,186.5,182.7,168.6,154.2,364,0,0,0,0,0,0.0,0.0,0.0,0.0
164WY003,164,57.1,6600,1.8,31.2,55.0,100,6,7.7,14.3,22,65.5,72.1,106.7,104.4,96.2,87.7,120.1,195.6,191.5,176.3,160.8,364,0,0,0,0,0,0.0,0.0,0.0,0.0
164WY004,164,57.1,6600,1.8,31.2,55.0,100,6,7.7,14.3,22,65.5,72.1,106.7,104.4,96.2,87.7,120.1,195.6,191.5,176.3,160.8,364,0,0,0,0,0,0.0,0.0,0.0,0.0
164WY005,164,27.7,2760,0.8,36.2,55.0,100,6,7.7,14.3,22,75.0,81.5,116.2,113.9,105.6,97.2,57.5,89.1,87.3,81.0,74.5,364,0,0,0,0,0,0.0,0.0,0.0,0.0
164WY006,164,28.6,3300,0.9,31.2,55.0,100,6,7.7,14.3,22,65.5,72.1,106.7,104.4,96.2,87.7,60.1,97.8,95.7,88.2,80.4,364,0,0,0,0,0,0.0,0.0,0.0,0.0
164WY007,164,27.1,3240,0.9,30.2,55.0,100,6,7.7,14.3,22,63.6,70.2,104.8,102.6,94.3,85.8,57.3,94.4,92.3,84.9,77.3,364,0,0,0,0,0,0.0,0.0,0.0,0.0
164WY008,164,28.6,3300,0.9,31.2,55.0,100,6,7.7,14.3,22,65.5,72.1,106.7,104.4,96.2,87.7,60.1,97.8,95.7,88.2,80.4,364,0,0,0,0,0,0.0,0.0,0.0,0.0
164WY009,164,28.6,3300,0.9,31.2,55.0,100,6,7.7,14.3,22,65.5,72.1,106.7,104.4,96.2,87.7,60.1,97.8,95.7,88.2,80.4,364,0,0,0,0,0,0.0,0.0,0.0,0.0
164WY010,164,27.1,3240,0.9,30.2,55.0,100,6,7.7,14.3,22,63.6,70.2,104.8,102.6,94.3,85.8,57.3,94.4,92.3,84.9,77.3,364,0,0,0,0,0,0.0,0.0,0.0,0.0
164WY011,164,28.6,3300,0.9,31.2,55.0,100,6,7.7,14.3,22,65.5,72.1,106.7,104.4,96.2,87.7,60.1,97.8,95.7,88.2,80.4,364,0,0,0,0,0,0.0,0.0,0.0,0.0
164WY012,164,27.7,2760,0.8,36.2,55.0,100,6,7.7,14.3,22,75.0,81.5,116.2,113.9,105.6,97.2,57.5,89.1,87.3,81.0,74.5,364,0,0,0,0,0,0.0,0.0,0.0,0.0
164WY013,164,28.6,3300,0.9,31.2,55.0,100,6,7.7,14.3,22,65.5,72.1,106.7,104.4,96.2,87.7,60.1,97.8,95.7,88.2,80.4,364,0,0,0,0,0,0.0,0.0,0.0,0.0
164WY014,164,27.1,3240,0.9,30.2,55.0,100,6,7.7,14.3,22,63.6,70.2,104.8,102.6,94.3,85.8,57.3,94.4,92.3,84.9,77.3,364,0,0,0,0,0,0.0,0.0,0.0,0.0
164WY015,164,27.4,3960,1.1,24.9,55.0,100,6,7.7,14.3,22,53.9,60.4,95.1,92.8,84.5,76.1,59.2,104.6,102.1,93.0,83.7,364,0,0,0,0,0,0.0,0.0,0.0,0.0
164WY016,164,56.6,7980,2.2,25.5,55.0,100,6,7.7,14.3,22,55.0,61.6,96.2,94.0,85.7,77.2,122.0,213.3,208.3,190.0,171.2,364,0,0,0,0,0,0.0,0.0,0.0,0.0
164WY017,164,47.8,6000,1.7,28.7,55.0,100,6,7.7,14.3,22,60.8,67.4,102.0,99.8,91.5,83.0,101.4,170.0,166.3,152.5,138.4,364,0,0,0,0,0,0.0,0.0,0.0,0.0
164WY018,164,26.2,3540,1.0,26.6,55.0,100,6,7.7,14.3,22,57.0,63.6,98.2,95.9,87.7,79.2,56.1,96.6,94.3,86.2,77.9,364,0,0,0,0,0,0.0,0.0,0.0,0.0
164WY019,164,29.2,3420,1.0,30.8,55.0,100,6,7.7,14.3,22,64.8,71.4,106.0,103.7,95.5,87.0,61.5,100.7,98.5,90.7,82.6,364,0,0,0,0,0,0.0,0.0,0.0,0.0
164WY020,164,29.2,4560,1.3,23.1,55.0,100,6,7.7,14.3,22,50.5,57.1,91.7,89.4,81.2,72.7,63.9,116.1,113.3,102.8,92.1,364,0,0,0,0,0,0.0,0.0,0.0,0.0
164WY021,164,27.4,3900,1.1,25.3,55.0,100,6,7.7,14.3,22,54.6,61.1,95.8,93.5,85.2,76.8,59.1,103.7,101.3,92.3,83.2,364,0,0,0,0,0,0.0,0.0,0.0,0.0
164WY022,164,41.5,6720,1.9,22.3,55.0,100,6,7.7,14.3,22,49.0,55.6,90.2,87.9,79.7,71.2,91.4,168.3,164.1,148.7,132.9,364,0,0,0,0,0,0.0,0.0,0.0,0.0
164WY023,164,27.4,3720,1.0,26.5,55.0,100,6,7.7,14.3,22,56.8,63.4,98.0,95.8,87.5,79.0,58.7,101.3,98.9,90.4,81.7,364,0,0,0,0,0,0.0,0.0,0.0,0.0
164WY024,164,26.2,2940,0.8,32.0,55.0,100,6,7.7,14.3,22,67.1,73.7,108.3,106.1,97.8,89.3,54.8,88.5,86.6,79.9,73.0,364,0,0,0,0,0,0.0,0.0,0.0,0.0
164WY025,164,27.4,3600,1.0,27.4,55.0,100,6,7.7,14.3,22,58.5,65.1,99.7,97.4,89.1,80.7,58.5,99.7,97.4,89.1,80.7,364,0,0,0,0,0,0.0,0.0,0.0,0.0
164WY026,164,26.2,3180,0.9,29.6,55.0,100,6,7.7,14.3,22,62.6,69.2,103.8,101.5,93.3,84.8,55.3,91.7,89.7,82.4,74.9,364,0,0,0,0,0,0.0,0.0,0.0,0.0
164WY027,164,27.4,3480,1.0,28.3,55.0,100,6,7.7,14.3,22,60.2,66.8,101.4,99.2,90.9,82.4,58.2,98.0,95.9,87.9,79.7,364,0,0,0,0,0,0.0,0.0,0.0,0.0
190WY001,190,116.5,23940,6.7,17.5,55.0,100,6,7.7,14.3,22,40.4,46.9,81.6,79.3,71.0,62.6,268.3,542.3,527.2,472.3,416.0,364,0,1,1,1,1,178.3,163.2,108.3,52.0
190WY002,190,113.5,23700,6.6,17.2,55.0,100,6,7.7,14.3,22,39.8,46.4,81.0,78.8,70.5,62.0,262.2,533.5,518.5,464.2,408.4,364,0,1,1,1,1,169.5,154.5,100.2,44.4
190WY003,190,116.4,24000,6.7,17.5,55.0,100,6,7.7,14.3,22,40.2,46.8,81.4,79.2,70.9,62.4,268.2,542.9,527.7,472.7,416.2,364,0,1,1,1,1,178.9,163.7,108.7,52.2
190WY004,190,113.3,24660,6.9,16.5,55.0,100,6,7.7,14.3,22,38.6,45.2,79.8,77.5,69.3,60.8,264.3,546.5,530.9,474.4,416.4,364,0,1,1,1,1,182.5,166.9,110.4,52.4
190WY005,190,113.4,24780,6.9,16.5,55.0,100,6,7.7,14.3,22,38.5,45.0,79.7,77.4,69.1,60.7,264.8,548.3,532.7,475.9,417.6,364,0,1,1,1,1,184.3,168.7,111.9,53.6
190WY006,190,113.3,24300,6.8,16.8,55.0,100,6,7.7,14.3,22,39.0,45.6,80.2,77.9,69.7,61.2,263.4,541.5,526.1,470.4,413.3,364,0,1,1,1,1,177.5,162.1,106.4,49.3
190WY007,190,113.5,25200,7.0,16.2,55.0,100,6,7.7,14.3,22,38.0,44.6,79.2,76.9,68.7,60.2,265.9,554.3,538.4,480.6,421.3,364,0,1,1,1,1,190.3,174.4,116.6,57.3
190WY008,190,77.7,15960,4.4,17.5,55.0,100,6,7.7,14.3,22,40.4,47.0,81.6,79.3,71.0,62.6,179.0,361.6,351.6,315.0,277.4,364,0,0,0,0,0,0.0,0.0,0.0,0.0
190WY009,190,113.3,25440,7.1,16.0,55.0,100,6,7.7,14.3,22,37.7,44.3,78.9,76.6,68.3,59.9,266.2,557.4,541.3,483.0,423.1,364,0,1,1,1,1,193.4,177.3,119.0,59.1
190WY010,190,113.4,25500,7.1,16.0,55.0,100,6,7.7,14.3,22,37.6,44.2,78.8,76.6,68.3,59.8,266.5,558.4,542.3,483.8,423.8,364,0,1,1,1,1,194.4,178.3,119.8,59.8
190WY011,190,113.4,25860,7.2,15.8,55.0,100,6,7.7,14.3,22,37.2,43.8,78.4,76.2,67.9,59.4,267.4,563.4,547.0,487.8,426.9,364,0,1,1,1,1,199.4,183.0,123.8,62.9
190WY012,190,113.4,24300,6.8,16.8,55.0,100,6,7.7,14.3,22,39.1,45.6,80.2,78.0,69.7,61.3,263.6,541.7,526.3,470.6,413.5,364,0,1,1,1,1,177.7,162.3,106.6,49.5
190WY013,190,78.6,17640,4.9,16.0,55.0,100,6,7.7,14.3,22,37.7,44.3,78.9,76.6,68.4,59.9,184.7,386.6,375.5,335.0,293.5,364,0,1,1,0,0,22.6,11.5,0.0,0.0
190WY014,190,94.1,22980,6.4,14.7,55.0,100,6,7.7,14.3,22,35.4,42.0,76.6,74.3,66.0,57.6,225.8,488.8,474.3,421.6,367.5,364,0,1,1,1,1,124.8,110.3,57.6,3.5
190WY015,190,77.8,19200,5.3,14.6,55.0,100,6,7.7,14.3,22,35.1,41.7,76.3,74.0,65.8,57.3,187.2,406.9,394.8,350.8,305.6,364,0,1,1,0,0,42.9,30.8,0.0,0.0
190WY016,190,113.4,28080,7.8,14.5,55.0,100,6,7.7,14.3,22,35.0,41.6,76.2,73.9,65.7,57.2,273.1,594.4,576.7,512.3,446.2,364,0,1,1,1,1,230.4,212.7,148.3,82.2
190WY017,190,116.4,27540,7.7,15.2,55.0,100,6,7.7,14.3,22,36.2,42.8,77.4,75.1,66.9,58.4,277.0,592.2,574.8,511.7,446.9,364,0,1,1,1,1,228.2,210.8,147.7,82.9
190WY018,190,68.0,14940,4.2,16.4,55.0,100,6,7.7,14.3,22,38.3,44.9,79.5,77.2,69.0,60.5,159.0,330.0,320.5,286.3,251.1,364,0,0,0,0,0,0.0,0.0,0.0,0.0
190WY019,190,115.6,28020,7.8,14.9,55.0,100,6,7.7,14.3,22,35.6,42.2,76.8,74.5,66.2,57.8,276.9,597.6,579.9,515.6,449.7,364,0,1,1,1,1,233.6,215.9,151.6,85.7
190WY020,190,113.4,22500,6.3,18.1,55.0,100,6,7.7,14.3,22,41.5,48.0,82.7,80.4,72.1,63.7,259.2,516.7,502.5,450.9,397.9,364,0,1,1,1,1,152.7,138.5,86.9,33.9
190WY021,190,116.5,27420,7.6,15.3,55.0,100,6,7.7,14.3,22,36.4,42.9,77.6,75.3,67.0,58.6,276.9,590.7,573.4,510.6,446.1,364,0,1,1,1,1,226.7,209.4,146.6,82.1
190WY022,190,77.7,18240,5.1,15.3,55.0,100,6,7.7,14.3,22,36.4,43.0,77.6,75.4,67.1,58.6,184.6,393.4,381.9,340.0,297.1,364,0,1,1,0,0,29.4,17.9,0.0,0.0
190WY023,190,113.4,26340,7.3,15.5,55.0,100,6,7.7,14.3,22,36.7,43.3,77.9,75.7,67.4,58.9,268.7,570.2,553.5,493.1,431.2,364,0,1,1,1,1,206.2,189.5,129.1,67.2
190WY024,190,113.4,21540,6.0,18.9,55.0,100,6,7.7,14.3,22,42.9,49.5,84.1,81.9,73.6,65.1,256.9,503.4,489.8,440.4,389.7,364,0,1,1,1,1,139.4,125.8,76.4,25.7
190WY025,190,40.9,9660,2.7,15.2,55.0,100,6,7.7,14.3,22,36.2,42.8,77.4,75.2,66.9,58.4,97.2,207.8,201.7,179.5,156.8,364,0,0,0,0,0,0.0,0.0,0.0,0.0
190WY026,190,113.3,24300,6.8,16.8,55.0,100,6,7.7,14.3,22,39.0,45.6,80.2,78.0,69.7,61.2,263.4,541.5,526.2,470.5,413.3,364,0,1,1,1,1,177.5,162.2,106.5,49.3
190WY027,190,113.3,23520,6.5,17.3,55.0,100,6,7.7,14.3,22,40.0,46.6,81.2,79.0,70.7,62.2,261.5,530.7,515.8,461.9,406.6,364,0,1,1,1,1,166.7,151.8,97.9,42.6
190WY028,190,113.4,23220,6.5,17.6,55.0,100,6,7.7,14.3,22,40.5,47.0,81.7,79.4,71.1,62.7,260.9,526.6,512.0,458.8,404.1,364,0,1,1,1,1,162.6,148.0,94.8,40.1
190WY029,190,113.3,23160,6.4,17.6,55.0,100,6,7.7,14.3,22,40.5,47.1,81.7,79.4,71.2,62.7,260.6,525.6,511.0,457.9,403.4,364,0,1,1,1,1,161.6,147.0,93.9,39.4
190WY030,190,58.9,13500,3.8,15.7,55.0,100,6,7.7,14.3,22,37.1,43.7,78.3,76.0,67.8,59.3,139.1,293.6,285.0,254.1,222.3,364,0,0,0,0,0,0.0,0.0,0.0,0.0
190WY031,190,7.4,1980,0.6,13.5,55.0,100,6,7.7,14.3,22,33.2,39.7,74.4,72.1,63.8,55.4,18.2,40.9,39.6,35.1,30.4,364,0,0,0,0,0,0.0,0.0,0.0,0.0
190WY032,190,18.1,3660,1.0,17.8,55.0,100,6,7.7,14.3,22,40.8,47.4,82.0,79.7,71.5,63.0,41.5,83.4,81.0,72.7,64.0,364,0,0,0,0,0,0.0,0.0,0.0,0.0
190WY033,190,21.1,4680,1.3,16.2,55.0,100,6,7.7,14.3,22,38.0,44.6,79.2,77.0,68.7,60.2,49.4,103.0,100.0,89.3,78.3,364,0,0,0,0,0,0.0,0.0,0.0,0.0
190WY034,190,113.4,20940,5.8,19.5,55.0,100,6,7.7,14.3,22,43.9,50.5,85.1,82.9,74.6,66.1,255.5,495.2,481.9,433.9,384.7,364,0,1,1,1,1,131.2,117.9,69.9,20.7
190WY035,190,69.5,12000,3.3,20.8,55.0,100,6,7.7,14.3,22,46.4,53.0,87.6,85.3,77.1,68.6,154.6,291.9,284.4,256.9,228.6,364,0,0,0,0,0,0.0,0.0,0.0,0.0
190WY036,190,80.1,20160,5.6,14.3,55.0,100,6,7.7,14.3,22,34.6,41.2,75.8,73.5,65.3,56.8,193.7,424.4,411.7,365.5,318.1,364,0,1,1,1,0,60.4,47.7,1.5,0.0
190WY037,190,79.7,17880,5.0,16.1,55.0,100,6,7.7,14.3,22,37.7,44.3,78.9,76.6,68.4,59.9,187.3,391.9,380.6,339.6,297.6,364,0,1,1,0,0,27.9,16.6,0.0,0.0
190WY038,190,71.4,17280,4.8,14.9,55.0,100,6,7.7,14.3,22,35.6,42.2,76.8,74.5,66.3,57.8,170.9,368.6,357.7,318.1,277.5,364,0,1,0,0,0,4.6,0.0,0.0,0.0
190WY039,190,70.4,18060,5.0,14.0,55.0,100,6,7.7,14.3,22,34.1,40.7,75.3,73.0,64.8,56.3,171.1,377.8,366.4,325.0,282.5,364,0,1,1,0,0,13.8,2.4,0.0,0.0
190WY040,190,54.7,13680,3.8,14.4,55.0,100,6,7.7,14.3,22,34.8,41.3,76.0,73.7,65.4,57.0,132.1,288.7,280.0,248.7,216.5,364,0,0,0,0,0,0.0,0.0,0.0,0.0
190WY041,190,113.9,26340,7.3,15.6,55.0,100,6,7.7,14.3,22,36.8,43.4,78.0,75.8,67.5,59.0,269.5,571.0,554.3,494.0,432.0,364,0,1,1,1,1,207.0,190.3,130.0,68.0
190WY042,190,54.6,10260,2.9,19.2,55.0,100,6,7.7,14.3,22,43.3,49.9,84.5,82.2,74.0,65.5,123.4,240.8,234.3,210.8,186.7,364,0,0,0,0,0,0.0,0.0,0.0,0.0
190WY043,190,93.9,21540,6.0,15.7,55.0,100,6,7.7,14.3,22,37.1,43.7,78.3,76.0,67.7,59.3,221.8,468.3,454.7,405.4,354.7,364,0,1,1,1,0,104.3,90.7,41.4,0.0
190WY044,190,56.5,12960,3.6,15.7,55.0,100,6,7.7,14.3,22,37.1,43.7,78.3,76.0,67.8,59.3,133.5,281.8,273.6,243.9,213.4,364,0,0,0,0,0,0.0,0.0,0.0,0.0
190WY045,190,70.7,11580,3.2,22.0,55.0,100,6,7.7,14.3,22,48.5,55.0,89.7,87.4,79.1,70.7,155.9,288.4,281.1,254.5,227.3,364,0,0,0,0,0,0.0,0.0,0.0,0.0
190WY046,190,74.6,13740,3.8,19.5,55.0,100,6,7.7,14.3,22,44.0,50.6,85.2,82.9,74.7,66.2,167.9,325.2,316.5,285.0,252.7,364,0,0,0,0,0,0.0,0.0,0.0,0.0
190WY047,190,34.8,8520,2.4,14.7,55.0,100,6,7.7,14.3,22,35.3,41.9,76.5,74.2,66.0,57.5,83.5,181.0,175.6,156.1,136.0,364,0,0,0,0,0,0.0,0.0,0.0,0.0
190WY048,190,73.9,18300,5.1,14.5,55.0,100,6,7.7,14.3,22,35.0,41.6,76.2,73.9,65.7,57.2,178.0,387.4,375.9,333.9,290.8,364,0,1,1,0,0,23.4,11.9,0.0,0.0
190WY049,190,62.3,10260,2.9,21.9,55.0,100,6,7.7,14.3,22,48.2,54.8,89.4,87.2,78.9,70.4,137.5,254.9,248.4,224.9,200.8,364,0,0,0,0,0,0.0,0.0,0.0,0.0
190WY050,190,73.9,17880,5.0,14.9,55.0,100,6,7.7,14.3,22,35.6,42.2,76.8,74.6,66.3,57.8,177.0,381.6,370.3,329.3,287.2,364,0,1,1,0,0,17.6,6.3,0.0,0.0
190WY051,190,105.8,17520,4.9,21.7,55.0,100,6,7.7,14.3,22,48.0,54.6,89.2,86.9,78.7,70.2,233.7,434.2,423.1,383.0,341.7,364,0,1,1,1,0,70.2,59.1,19.0,0.0
190WY052,190,95.7,21660,6.0,15.9,55.0,100,6,7.7,14.3,22,37.4,44.0,78.6,76.4,68.1,59.6,225.2,473.1,459.4,409.8,358.8,364,0,1,1,1,0,109.1,95.4,45.8,0.0
190WY053,190,76.5,17880,5.0,15.4,55.0,100,6,7.7,14.3,22,36.6,43.1,77.8,75.5,67.2,58.8,181.6,386.2,374.9,333.9,291.9,364,0,1,1,0,0,22.2,10.9,0.0,0.0
190WY054,190,40.0,10020,2.8,14.4,55.0,100,6,7.7,14.3,22,34.7,41.3,75.9,73.6,65.4,56.9,96.6,211.3,205.0,182.0,158.4,364,0,0,0,0,0,0.0,0.0,0.0,0.0
190WY055,190,78.5,18300,5.1,15.4,55.0,100,6,7.7,14.3,22,36.6,43.2,77.8,75.5,67.3,58.8,186.1,395.5,383.9,342.0,298.9,364,0,1,1,0,0,31.5,19.9,0.0,0.0
190WY056,190,87.8,18240,5.1,17.3,55.0,100,6,7.7,14.3,22,40.0,46.6,81.2,78.9,70.7,62.2,202.6,411.4,399.9,358.0,315.1,364,0,1,1,0,0,47.4,35.9,0.0,0.0
190WY057,190,32.2,8100,2.3,14.3,55.0,100,6,7.7,14.3,22,34.6,41.2,75.8,73.5,65.3,56.8,77.8,170.5,165.4,146.8,127.8,364,0,0,0,0,0,0.0,0.0,0.0,0.0
190WY058,190,51.4,12420,3.5,14.9,55.0,100,6,7.7,14.3,22,35.6,42.2,76.8,74.6,66.3,57.8,123.0,265.1,257.3,228.8,199.6,364,0,0,0,0,0,0.0,0.0,0.0,0.0
190WY059,190,35.8,8280,2.3,15.6,55.0,100,6,7.7,14.3,22,36.9,43.4,78.1,75.8,67.5,59.1,84.8,179.5,174.3,155.3,135.8,364,0,0,0,0,0,0.0,0.0,0.0,0.0
190WY060,190,45.5,9180,2.6,17.8,55.0,100,6,7.7,14.3,22,40.9,47.5,82.1,79.9,71.6,63.1,104.4,209.5,203.7,182.6,161.0,364,0,0,0,0,0,0.0,0.0,0.0,0.0
190WY061,190,106.9,22140,6.2,17.4,55.0,100,6,7.7,14.3,22,40.1,46.7,81.3,79.0,70.8,62.3,246.6,500.0,486.0,435.2,383.1,364,0,1,1,1,1,136.0,122.0,71.2,19.1
190WY062,190,34.3,7920,2.2,15.6,55.0,100,6,7.7,14.3,22,36.9,43.5,78.1,75.8,67.6,59.1,81.1,171.8,166.8,148.6,130.0,364,0,0,0,0,0,0.0,0.0,0.0,0.0
190WY063,190,86.0,18120,5.0,17.1,55.0,100,6,7.7,14.3,22,39.6,46.1,80.8,78.5,70.2,61.8,199.1,406.5,395.0,353.5,310.9,364,0,1,1,0,0,42.5,31.0,0.0,0.0
190WY064,190,15.2,4740,1.3,11.6,55.0,100,6,7.7,14.3,22,29.8,36.4,71.0,68.7,60.5,52.0,39.3,93.5,90.5,79.6,68.5,364,0,0,0,0,0,0.0,0.0,0.0,0.0
190WY065,190,17.8,4380,1.2,14.6,55.0,100,6,7.7,14.3,22,35.1,41.7,76.3,74.0,65.8,57.3,42.7,92.8,90.1,80.0,69.7,364,0,0,0,0,0,0.0,0.0,0.0,0.0
190WY066,190,56.0,8940,2.5,22.5,55.0,100,6,7.7,14.3,22,49.5,56.1,90.7,88.4,80.2,71.7,122.9,225.2,219.6,199.1,178.1,364,0,0,0,0,0,0.0,0.0,0.0,0.0
190WY067,190,37.0,9120,2.5,14.6,55.0,100,6,7.7,14.3,22,35.1,41.7,76.3,74.0,65.8,57.3,88.9,193.3,187.5,166.6,145.2,364,0,0,0,0,0,0.0,0.0,0.0,0.0
190WY068,190,93.4,19320,5.4,17.4,55.0,100,6,7.7,14.3,22,40.1,46.7,81.3,79.0,70.8,62.3,215.3,436.4,424.2,379.9,334.5,364,0,1,1,1,0,72.4,60.2,15.9,0.0
190WY069,190,62.3,9000,2.5,24.9,55.0,100,6,7.7,14.3,22,53.9,60.5,95.1,92.8,84.6,76.1,134.7,237.7,232.0,211.4,190.2,364,0,0,0,0,0,0.0,0.0,0.0,0.0
190WY070,190,40.8,10140,2.8,14.5,55.0,100,6,7.7,14.3,22,34.9,41.5,76.1,73.9,65.6,57.1,98.4,214.5,208.1,184.8,161.0,364,0,0,0,0,0,0.0,0.0,0.0,0.0
190WY071,190,97.3,20340,5.7,17.2,55.0,100,6,7.7,14.3,22,39.8,46.4,81.0,78.7,70.5,62.0,224.8,457.6,444.8,398.1,350.3,364,0,1,1,1,0,93.6,80.8,34.1,0.0
190WY072,190,113.3,21540,6.0,18.9,55.0,100,6,7.7,14.3,22,42.9,49.5,84.1,81.8,73.6,65.1,256.7,503.2,489.6,440.3,389.6,364,0,1,1,1,1,139.2,125.6,76.3,25.6
190WY073,190,93.4,16860,4.7,19.9,55.0,100,6,7.7,14.3,22,44.7,51.3,85.9,83.7,75.4,66.9,209.5,402.4,391.8,353.1,313.5,364,0,1,1,0,0,38.4,27.8,0.0,0.0
190WY074,190,113.4,20640,5.7,19.8,55.0,100,6,7.7,14.3,22,44.4,51.0,85.6,83.4,75.1,66.6,254.7,491.0,477.9,430.6,382.0,364,0,1,1,1,1,127.0,113.9,66.6,18.0
190WY075,190,94.2,16920,4.7,20.0,55.0,100,6,7.7,14.3,22,44.9,51.5,86.1,83.8,75.6,67.1,211.1,404.7,394.0,355.3,315.4,364,0,1,1,0,0,40.7,30.0,0.0,0.0
191WY001,191,191.8,21600,6.0,32.0,65.0,100,6,7.7,14.3,22,64.8,73.6,108.2,106.0,97.7,89.2,388.9,649.4,635.8,586.3,535.4,364,1,1,1,1,1,285.4,271.8,222.3,171.4
191WY002,191,191.8,22140,6.2,31.2,65.0,100,6,7.7,14.3,22,63.4,72.2,106.8,104.5,96.2,87.8,389.7,656.7,642.7,591.9,539.8,364,1,1,1,1,1,292.7,278.7,227.9,175.8
191WY003,191,144.7,19380,5.4,26.9,55.0,100,6,7.7,14.3,22,57.5,64.1,98.7,96.4,88.2,79.7,309.7,531.5,519.2,474.8,429.2,364,0,1,1,1,1,167.5,155.2,110.8,65.2
191WY004,191,183.6,19680,5.5,33.6,65.0,100,6,7.7,14.3,22,67.8,76.6,111.3,109.0,100.7,92.3,370.9,608.2,595.8,550.7,504.3,364,1,1,1,1,1,244.2,231.8,186.7,140.3
191WY005,191,156.5,18720,5.2,30.1,55.0,100,6,7.7,14.3,22,63.5,70.1,104.7,102.5,94.2,85.7,330.3,544.6,532.7,489.8,445.8,364,0,1,1,1,1,180.6,168.7,125.8,81.8
191WY006,191,135.0,21780,6.1,22.3,55.0,100,6,7.7,14.3,22,49.1,55.7,90.3,88.0,79.7,71.3,296.9,546.2,532.4,482.5,431.2,364,0,1,1,1,1,182.2,168.4,118.5,67.2
191WY007,191,181.4,22080,6.1,29.6,65.0,100,6,7.7,14.3,22,60.3,69.1,103.7,101.5,93.2,84.7,370.0,636.2,622.3,571.7,519.7,364,1,1,1,1,1,272.2,258.3,207.7,155.7
191WY008,191,106.5,11400,3.2,33.6,55.0,100,6,7.7,14.3,22,70.1,76.7,111.3,109.1,100.8,92.3,222.1,352.6,345.4,319.2,292.4,364,0,0,0,0,0,0.0,0.0,0.0,0.0
191WY009,191,98.8,14160,3.9,25.1,55.0,100,6,7.7,14.3,22,54.3,60.9,95.5,93.2,84.9,76.5,213.5,375.5,366.6,334.1,300.8,364,0,1,1,0,0,11.5,2.6,0.0,0.0
191WY010,191,230.8,27840,7.7,29.8,65.0,100,6,7.7,14.3,22,60.8,69.6,104.3,102.0,93.7,85.3,470.5,806.2,788.6,724.8,659.3,364,1,1,1,1,1,442.2,424.6,360.8,295.3
191WY011,191,191.8,23580,6.6,29.3,65.0,100,6,7.7,14.3,22,59.8,68.6,103.2,100.9,92.7,84.2,391.7,676.0,661.1,607.1,551.6,364,1,1,1,1,1,312.0,297.1,243.1,187.6
191WY012,191,103.7,14160,3.9,26.4,55.0,100,6,7.7,14.3,22,56.6,63.1,97.8,95.5,87.2,78.8,222.4,384.5,375.6,343.1,309.8,364,0,1,1,0,0,20.5,11.6,0.0,0.0
191WY013,191,174.5,21480,6.0,29.2,65.0,100,6,7.7,14.3,22,59.7,68.5,103.1,100.9,92.6,84.1,356.3,615.3,601.8,552.5,502.0,364,0,1,1,1,1,251.3,237.8,188.5,138.0
191WY014,191,86.4,10680,3.0,29.1,55.0,100,6,7.7,14.3,22,61.7,68.3,102.9,100.6,92.4,83.9,183.0,305.2,298.5,274.0,248.9,364,0,0,0,0,0,0.0,0.0,0.0,0.0
191WY015,191,282.9,32700,9.1,31.1,65.0,100,6,7.7,14.3,22,63.3,72.1,106.7,104.4,96.2,87.7,574.7,969.1,948.4,873.5,796.5,364,1,1,1,1,1,605.1,584.4,509.5,432.5
191WY016,191,206.1,24000,6.7,30.9,65.0,100,6,7.7,14.3,22,62.8,71.6,106.2,104.0,95.7,87.3,418.9,708.3,693.2,638.2,581.7,364,1,1,1,1,1,344.3,329.2,274.2,217.7
191WY017,191,143.8,20400,5.7,25.4,55.0,100,6,7.7,14.3,22,54.7,61.3,95.9,93.7,85.4,76.9,310.2,543.7,530.8,484.0,436.0,364,0,1,1,1,1,179.7,166.8,120.0,72.0
191WY018,191,140.3,17760,4.9,28.4,55.0,100,6,7.7,14.3,22,60.4,67.0,101.6,99.3,91.1,82.6,298.0,501.3,490.1,449.3,407.6,364,0,1,1,1,1,137.3,126.1,85.3,43.6
191WY019,191,133.0,17040,4.7,28.1,55.0,100,6,7.7,14.3,22,59.8,66.4,101.0,98.7,90.5,82.0,283.0,478.0,467.2,428.2,388.1,364,0,1,1,1,1,114.0,103.2,64.2,24.1
191WY020,191,143.8,20700,5.8,25.0,55.0,100,6,7.7,14.3,22,54.1,60.6,95.3,93.0,84.7,76.3,310.8,547.7,534.7,487.2,438.5,364,0,1,1,1,1,183.7,170.7,123.2,74.5
191WY021,191,79.0,12420,3.5,22.9,55.0,100,6,7.7,14.3,22,50.2,56.7,91.4,89.1,80.8,72.4,173.1,315.2,307.4,278.9,249.7,364,0,0,0,0,0,0.0,0.0,0.0,0.0
191WY022,191,77.8,11640,3.2,24.1,55.0,100,6,7.7,14.3,22,52.3,58.9,93.5,91.2,83.0,74.5,169.2,302.4,295.0,268.3,240.9,364,0,0,0,0,0,0.0,0.0,0.0,0.0
191WY023,191,133.4,19140,5.3,25.1,55.0,100,6,7.7,14.3,22,54.2,60.8,95.4,93.1,84.9,76.4,288.1,507.2,495.1,451.2,406.2,364,0,1,1,1,1,143.2,131.1,87.2,42.2
191WY024,191,191.7,20340,5.7,33.9,65.0,100,6,7.7,14.3,22,68.5,77.3,111.9,109.6,101.4,92.9,386.9,632.2,619.3,572.7,524.9,364,1,1,1,1,1,268.2,255.3,208.7,160.9
191WY025,191,96.6,15720,4.4,22.1,55.0,100,6,7.7,14.3,22,48.7,55.3,89.9,87.7,79.4,70.9,212.8,392.7,382.8,346.8,309.8,364,0,1,1,0,0,28.7,18.8,0.0,0.0
191WY026,191,206.1,22260,6.2,33.3,65.0,100,6,7.7,14.3,22,67.4,76.2,110.8,108.5,100.3,91.8,416.6,685.0,670.9,619.9,567.5,364,1,1,1,1,1,321.0,306.9,255.9,203.5
191WY027,191,60.8,7740,2.2,28.3,55.0,100,6,7.7,14.3,22,60.1,66.7,101.3,99.0,90.8,82.3,129.2,217.8,212.9,195.1,176.9,364,0,0,0,0,0,0.0,0.0,0.0,0.0
191WY028,191,103.0,10980,3.1,33.8,55.0,100,6,7.7,14.3,22,70.4,77.0,111.6,109.3,101.1,92.6,214.7,340.4,333.4,308.3,282.4,364,0,0,0,0,0,0.0,0.0,0.0,0.0
191WY029,191,199.4,22740,6.3,31.6,65.0,100,6,7.7,14.3,22,64.1,72.8,107.5,105.2,96.9,88.5,404.6,678.8,664.5,612.4,558.8,364,1,1,1,1,1,314.8,300.5,248.4,194.8
191WY030,191,52.1,6480,1.8,28.9,55.0,100,6,7.7,14.3,22,61.4,68.0,102.6,100.3,92.1,83.6,110.5,184.6,180.5,165.7,150.4,364,0,0,0,0,0,0.0,0.0,0.0,0.0
191WY031,191,78.5,9000,2.5,31.4,55.0,100,6,7.7,14.3,22,65.9,72.5,107.1,104.9,96.6,88.1,164.9,267.9,262.2,241.5,220.4,364,0,0,0,0,0,0.0,0.0,0.0,0.0
191WY032,191,174.5,19860,5.5,31.6,65.0,100,6,7.7,14.3,22,64.2,73.0,107.6,105.3,97.1,88.6,354.1,593.5,581.0,535.5,488.7,364,0,1,1,1,1,229.5,217.0,171.5,124.7
191WY033,191,119.1,18060,5.0,23.7,55.0,100,6,7.7,14.3,22,51.7,58.3,92.9,90.6,82.4,73.9,259.4,466.1,454.6,413.3,370.8,364,0,1,1,1,1,102.1,90.6,49.3,6.8
191WY034,191,133.4,20220,5.6,23.7,55.0,100,6,7.7,14.3,22,51.7,58.3,92.9,90.6,82.4,73.9,290.5,521.9,509.1,462.8,415.2,364,0,1,1,1,1,157.9,145.1,98.8,51.2
191WY035,191,158.5,16680,4.6,34.2,55.0,100,6,7.7,14.3,22,71.2,77.8,112.4,110.1,101.9,93.4,330.0,520.8,510.3,472.1,432.8,364,0,1,1,1,1,156.8,146.3,108.1,68.8
191WY036,191,121.9,16080,4.5,27.3,55.0,100,6,7.7,14.3,22,58.3,64.9,99.5,97.2,88.9,80.5,260.3,444.3,434.1,397.3,359.4,364,0,1,1,1,0,80.3,70.1,33.3,0.0
191WY037,191,90.0,13980,3.9,23.2,55.0,100,6,7.7,14.3,22,50.7,57.2,91.9,89.6,81.3,72.9,196.7,356.7,347.9,315.8,282.9,364,0,0,0,0,0,0.0,0.0,0.0,0.0
191WY038,191,58.7,6660,1.9,31.7,55.0,100,6,7.7,14.3,22,66.6,73.1,107.8,105.5,97.2,88.8,123.1,199.4,195.2,179.9,164.2,364,0,0,0,0,0,0.0,0.0,0.0,0.0
191WY039,191,206.1,21600,6.0,34.3,65.0,100,6,7.7,14.3,22,69.3,78.1,112.7,110.4,102.2,93.7,415.7,676.2,662.5,613.0,562.2,364,1,1,1,1,1,312.2,298.5,249.0,198.2
191WY040,191,151.1,15660,4.4,34.7,55.0,100,6,7.7,14.3,22,72.2,78.8,113.4,111.1,102.9,94.4,314.2,493.4,483.5,447.6,410.7,364,0,1,1,1,1,129.4,119.5,83.6,46.7
191WY041,191,58.7,6360,1.8,33.2,55.0,100,6,7.7,14.3,22,69.4,76.0,110.6,108.3,100.0,91.6,122.6,195.3,191.3,176.7,161.8,364,0,0,0,0,0,0.0,0.0,0.0,0.0
191WY042,191,27.0,3960,1.1,24.5,55.0,100,6,7.7,14.3,22,53.2,59.8,94.4,92.1,83.9,75.4,58.5,103.8,101.3,92.2,82.9,364,0,0,0,0,0,0.0,0.0,0.0,0.0
191WY043,191,41.6,5520,1.5,27.1,55.0,100,6,7.7,14.3,22,58.0,64.6,99.2,96.9,88.7,80.2,88.9,152.1,148.6,135.9,123.0,364,0,0,0,0,0,0.0,0.0,0.0,0.0
191WY044,191,111.1,17040,4.7,23.5,55.0,100,6,7.7,14.3,22,51.2,57.8,92.4,90.1,81.9,73.4,242.4,437.5,426.7,387.6,347.5,364,0,1,1,1,0,73.5,62.7,23.6,0.0
191WY045,191,38.4,5460,1.5,25.3,55.0,100,6,7.7,14.3,22,54.6,61.2,95.8,93.5,85.3,76.8,82.8,145.3,141.8,129.3,116.5,364,0,0,0,0,0,0.0,0.0,0.0,0.0
191WY046,191,37.2,5640,1.6,23.7,55.0,100,6,7.7,14.3,22,51.7,58.3,92.9,90.6,82.4,73.9,81.0,145.6,142.0,129.1,115.8,364,0,0,0,0,0,0.0,0.0,0.0,0.0
191WY047,191,37.0,5220,1.5,25.5,55.0,100,6,7.7,14.3,22,55.0,61.5,96.2,93.9,85.6,77.2,79.7,139.4,136.1,124.2,111.9,364,0,0,0,0,0,0.0,0.0,0.0,0.0
191WY048,191,14.6,2760,0.8,19.1,55.0,100,6,7.7,14.3,22,43.2,49.8,84.4,82.1,73.9,65.4,33.1,64.7,62.9,56.6,50.1,364,0,0,0,0,0,0.0,0.0,0.0,0.0
191WY049,191,34.5,4740,1.3,26.2,55.0,100,6,7.7,14.3,22,56.3,62.9,97.5,95.2,87.0,78.5,74.1,128.4,125.4,114.5,103.4,364,0,0,0,0,0,0.0,0.0,0.0,0.0
191WY050,191,28.1,3600,1.0,28.1,55.0,100,6,7.7,14.3,22,59.8,66.4,101.0,98.7,90.5,82.0,59.8,101.0,98.7,90.5,82.0,364,0,0,0,0,0,0.0,0.0,0.0,0.0
191WY051,191,19.9,2160,0.6,33.2,55.0,100,6,7.7,14.3,22,69.3,75.8,110.5,108.2,99.9,91.5,41.6,66.3,64.9,60.0,54.9,364,0,0,0,0,0,0.0,0.0,0.0,0.0
191WY052,191,17.0,2700,0.8,22.6,55.0,100,6,7.7,14.3,22,49.6,56.2,90.8,88.6,80.3,71.8,37.2,68.1,66.4,60.2,53.9,364,0,0,0,0,0,0.0,0.0,0.0,0.0
191WY053,191,23.5,3240,0.9,26.1,55.0,100,6,7.7,14.3,22,56.0,62.6,97.2,95.0,86.7,78.3,50.4,87.5,85.5,78.1,70.4,364,0,0,0,0,0,0.0,0.0,0.0,0.0
191WY054,191,21.4,2820,0.8,27.3,55.0,100,6,7.7,14.3,22,58.4,64.9,99.6,97.3,89.0,80.6,45.7,78.0,76.2,69.7,63.1,364,0,0,0,0,0,0.0,0.0,0.0,0.0
191WY055,191,19.9,2160,0.6,33.2,55.0,100,6,7.7,14.3,22,69.3,75.8,110.5,108.2,99.9,91.5,41.6,66.3,64.9,60.0,54.9,364,0,0,0,0,0,0.0,0.0,0.0,0.0
191WY056,191,35.7,3780,1.1,34.0,55.0,100,6,7.7,14.3,22,70.9,77.5,112.1,109.8,101.6,93.1,74.4,117.7,115.3,106.6,97.7,364,0,0,0,0,0,0.0,0.0,0.0,0.0
191WY057,191,14.6,2760,0.8,19.1,55.0,100,6,7.7,14.3,22,43.2,49.8,84.4,82.1,73.9,65.4,33.1,64.7,62.9,56.6,50.1,364,0,0,0,0,0,0.0,0.0,0.0,0.0
191WY058,191,37.4,5940,1.7,22.6,55.0,100,6,7.7,14.3,22,49.7,56.3,90.9,88.6,80.4,71.9,82.0,149.9,146.2,132.6,118.6,364,0,0,0,0,0,0.0,0.0,0.0,0.0
191WY059,191,19.9,2160,0.6,33.2,55.0,100,6,7.7,14.3,22,69.3,75.8,110.5,108.2,99.9,91.5,41.6,66.3,64.9,60.0,54.9,364,0,0,0,0,0,0.0,0.0,0.0,0.0
191WY060,191,107.0,14340,4.0,26.9,55.0,100,6,7.7,14.3,22,57.5,64.0,98.7,96.4,88.1,79.7,228.9,393.0,384.0,351.1,317.4,364,0,1,1,0,0,29.0,20.0,0.0,0.0
191WY061,191,150.5,17880,5.0,30.3,55.0,100,6,7.7,14.3,22,63.9,70.5,105.1,102.8,94.6,86.1,317.4,522.0,510.7,469.8,427.7,364,0,1,1,1,1,158.0,146.7,105.8,63.7
191WY062,191,19.9,2160,0.6,33.2,55.0,100,6,7.7,14.3,22,69.3,75.8,110.5,108.2,99.9,91.5,41.6,66.3,64.9,60.0,54.9,364,0,0,0,0,0,0.0,0.0,0.0,0.0
191WY063,191,143.7,17580,4.9,29.4,55.0,100,6,7.7,14.3,22,62.3,68.8,103.5,101.2,92.9,84.5,304.0,505.2,494.1,453.8,412.4,364,0,1,1,1,1,141.2,130.1,89.8,48.4
191WY064,191,150.7,18120,5.0,29.9,55.0,100,6,7.7,14.3,22,63.2,69.8,104.4,102.1,93.9,85.4,318.2,525.6,514.1,472.6,430.0,364,0,1,1,1,1,161.6,150.1,108.6,66.0
191WY065,191,95.7,12720,3.5,27.1,55.0,100,6,7.7,14.3,22,57.9,64.5,99.1,96.8,88.6,80.1,204.6,350.1,342.1,313.0,283.0,364,0,0,0,0,0,0.0,0.0,0.0,0.0
191WY066,191,79.1,8940,2.5,31.8,55.0,100,6,7.7,14.3,22,66.8,73.4,108.0,105.7,97.4,89.0,165.8,268.1,262.5,242.0,221.0,364,0,0,0,0,0,0.0,0.0,0.0,0.0
191WY067,191,83.5,10560,2.9,28.5,55.0,100,6,7.7,14.3,22,60.5,67.1,101.7,99.4,91.1,82.7,177.4,298.2,291.6,267.4,242.5,364,0,0,0,0,0,0.0,0.0,0.0,0.0
191WY068,191,69.8,9960,2.8,25.2,55.0,100,6,7.7,14.3,22,54.5,61.0,95.7,93.4,85.1,76.7,150.7,264.7,258.4,235.5,212.1,364,0,0,0,0,0,0.0,0.0,0.0,0.0
191WY069,191,114.9,15420,4.3,26.8,55.0,100,6,7.7,14.3,22,57.4,64.0,98.6,96.4,88.1,79.6,246.0,422.5,412.8,377.4,341.1,364,0,1,1,1,0,58.5,48.8,13.4,0.0
191WY070,191,80.8,8940,2.5,32.5,55.0,100,6,7.7,14.3,22,68.1,74.7,109.3,107.0,98.8,90.3,169.1,271.4,265.7,245.3,224.2,364,0,0,0,0,0,0.0,0.0,0.0,0.0
191WY071,191,88.2,14040,3.9,22.6,55.0,100,6,7.7,14.3,22,49.6,56.2,90.8,88.6,80.3,71.8,193.6,354.3,345.4,313.2,280.2,364,0,0,0,0,0,0.0,0.0,0.0,0.0
191WY072,191,55.2,10320,2.9,19.2,55.0,100,6,7.7,14.3,22,43.5,50.0,84.7,82.4,74.1,65.7,124.6,242.7,236.2,212.5,188.3,364,0,0,0,0,0,0.0,0.0,0.0,0.0
191WY073,191,85.9,11940,3.3,25.9,55.0,100,6,7.7,14.3,22,55.7,62.3,96.9,94.6,86.4,77.9,184.8,321.4,313.9,286.5,258.4,364,0,0,0,0,0,0.0,0.0,0.0,0.0
191WY074,191,105.3,14280,4.0,26.6,55.0,100,6,7.7,14.3,22,56.9,63.5,98.1,95.8,87.6,79.1,225.8,389.2,380.2,347.5,313.9,364,0,1,1,0,0,25.2,16.2,0.0,0.0
191WY075,191,36.4,5460,1.5,24.0,55.0,100,6,7.7,14.3,22,52.2,58.8,93.4,91.1,82.9,74.4,79.1,141.6,138.2,125.7,112.8,364,0,0,0,0,0,0.0,0.0,0.0,0.0
191WY076,191,34.9,5220,1.5,24.1,55.0,100,6,7.7,14.3,22,52.3,58.9,93.5,91.2,83.0,74.5,75.8,135.6,132.3,120.3,108.0,364,0,0,0,0,0,0.0,0.0,0.0,0.0
191WY077,191,56.8,9600,2.7,21.3,55.0,100,6,7.7,14.3,22,47.2,53.8,88.4,86.2,77.9,69.4,126.0,235.8,229.8,207.7,185.2,364,0,0,0,0,0,0.0,0.0,0.0,0.0
191WY078,191,71.3,9240,2.6,27.8,55.0,100,6,7.7,14.3,22,59.2,65.8,100.4,98.1,89.9,81.4,152.0,257.7,251.9,230.7,208.9,364,0,0,0,0,0,0.0,0.0,0.0,0.0
191WY079,191,71.8,9600,2.7,26.9,55.0,100,6,7.7,14.3,22,57.6,64.2,98.8,96.6,88.3,79.8,153.7,263.5,257.5,235.5,212.9,364,0,0,0,0,0,0.0,0.0,0.0,0.0
191WY080,191,51.4,8700,2.4,21.3,55.0,100,6,7.7,14.3,22,47.2,53.7,88.4,86.1,77.8,69.4,114.0,213.5,208.1,188.1,167.6,364,0,0,0,0,0,0.0,0.0,0.0,0.0
191WY081,191,56.8,8640,2.4,23.7,55.0,100,6,7.7,14.3,22,51.6,58.2,92.8,90.5,82.3,73.8,123.8,222.7,217.2,197.4,177.1,364,0,0,0,0,0,0.0,0.0,0.0,0.0
191WY082,191,58.8,10800,3.0,19.6,55.0,100,6,7.7,14.3,22,44.1,50.7,85.3,83.0,74.8,66.3,132.4,256.0,249.1,224.4,199.0,364,0,0,0,0,0,0.0,0.0,0.0,0.0
191WY083,191,75.6,12180,3.4,22.3,55.0,100,6,7.7,14.3,22,49.1,55.7,90.3,88.0,79.8,71.3,166.2,305.6,297.9,270.0,241.3,364,0,0,0,0,0,0.0,0.0,0.0,0.0
191WY084,191,173.8,20040,5.6,31.2,65.0,100,6,7.7,14.3,22,63.4,72.2,106.8,104.6,96.3,87.8,353.0,594.7,582.0,536.1,488.9,364,0,1,1,1,1,230.7,218.0,172.1,124.9
191WY085,191,79.5,9540,2.7,30.0,55.0,100,6,7.7,14.3,22,63.3,69.9,104.5,102.3,94.0,85.6,167.9,277.0,271.0,249.2,226.7,364,0,0,0,0,0,0.0,0.0,0.0,0.0
191WY086,191,50.2,9060,2.5,19.9,55.0,100,6,7.7,14.3,22,44.7,51.3,85.9,83.7,75.4,66.9,112.6,216.3,210.5,189.8,168.4,364,0,0,0,0,0,0.0,0.0,0.0,0.0
191WY087,191,60.6,9060,2.5,24.1,55.0,100,6,7.7,14.3,22,52.3,58.9,93.5,91.2,83.0,74.5,131.6,235.3,229.6,208.8,187.5,364,0,0,0,0,0,0.0,0.0,0.0,0.0
191WY088,191,27.8,3900,1.1,25.7,55.0,100,6,7.7,14.3,22,55.3,61.9,96.5,94.3,86.0,77.6,60.0,104.6,102.1,93.2,84.0,364,0,0,0,0,0,0.0,0.0,0.0,0.0
191WY089,191,16.6,2640,0.7,22.7,55.0,100,6,7.7,14.3,22,49.8,56.3,91.0,88.7,80.4,72.0,36.5,66.7,65.0,59.0,52.8,364,0,0,0,0,0,0.0,0.0,0.0,0.0
191WY090,191,39.8,6120,1.7,23.4,55.0,100,6,7.7,14.3,22,51.1,57.7,92.3,90.0,81.8,73.3,86.8,156.9,153.0,139.0,124.6,364,0,0,0,0,0,0.0,0.0,0.0,0.0
191WY091,191,33.3,4800,1.3,24.9,55.0,100,6,7.7,14.3,22,53.9,60.5,95.1,92.9,84.6,76.1,71.9,126.9,123.8,112.8,101.5,364,0,0,0,0,0,0.0,0.0,0.0,0.0
191WY092,191,57.2,5820,1.6,35.4,55.0,100,6,7.7,14.3,22,73.4,80.0,114.6,112.3,104.1,95.6,118.6,185.2,181.6,168.2,154.5,364,0,0,0,0,0,0.0,0.0,0.0,0.0
191WY093,191,37.0,4620,1.3,28.8,55.0,100,6,7.7,14.3,22,61.2,67.7,102.4,100.1,91.8,83.4,78.5,131.4,128.4,117.9,107.0,364,0,0,0,0,0,0.0,0.0,0.0,0.0
191WY094,191,62.7,10560,2.9,21.4,55.0,100,6,7.7,14.3,22,47.4,54.0,88.6,86.3,78.0,69.6,139.0,259.8,253.2,228.9,204.1,364,0,0,0,0,0,0.0,0.0,0.0,0.0
191WY095,191,22.4,5100,1.4,15.8,55.0,100,6,7.7,14.3,22,37.2,43.8,78.4,76.1,67.9,59.4,52.7,111.1,107.9,96.2,84.2,364,0,0,0,0,0,0.0,0.0,0.0,0.0
191WY096,191,15.0,3420,1.0,15.8,55.0,100,6,7.7,14.3,22,37.2,43.8,78.4,76.1,67.9,59.4,35.3,74.5,72.3,64.5,56.4,364,0,0,0,0,0,0.0,0.0,0.0,0.0
191WY097,191,34.9,4080,1.1,30.8,55.0,100,6,7.7,14.3,22,64.8,71.4,106.0,103.7,95.5,87.0,73.4,120.1,117.5,108.2,98.6,364,0,0,0,0,0,0.0,0.0,0.0,0.0
191WY098,191,57.2,5820,1.6,35.4,55.0,100,6,7.7,14.3,22,73.4,80.0,114.6,112.3,104.1,95.6,118.6,185.2,181.6,168.2,154.5,364,0,0,0,0,0,0.0,0.0,0.0,0.0
191WY099,191,48.8,7920,2.2,22.2,55.0,100,6,7.7,14.3,22,48.9,55.4,90.1,87.8,79.5,71.1,107.5,198.1,193.1,175.0,156.4,364,0,0,0,0,0,0.0,0.0,0.0,0.0
191WY100,191,86.0,12660,3.5,24.4,55.0,100,6,7.7,14.3,22,53.0,59.6,94.2,91.9,83.7,75.2,186.4,331.3,323.3,294.3,264.5,364,0,0,0,0,0,0.0,0.0,0.0,0.0
191WY101,191,31.6,5460,1.5,20.8,55.0,100,6,7.7,14.3,22,46.4,53.0,87.6,85.3,77.1,68.6,70.4,132.8,129.4,116.9,104.0,364,0,0,0,0,0,0.0,0.0,0.0,0.0
191WY102,191,69.4,8700,2.4,28.7,55.0,100,6,7.7,14.3,22,61.0,67.5,102.2,99.9,91.6,83.2,147.3,246.9,241.4,221.5,201.0,364,0,0,0,0,0,0.0,0.0,0.0,0.0
191WY103,191,139.8,15300,4.3,32.9,55.0,100,6,7.7,14.3,22,68.8,75.3,110.0,107.7,99.4,91.0,292.2,467.3,457.6,422.6,386.6,364,0,1,1,1,1,103.3,93.6,58.6,22.6
191WY104,191,29.6,3960,1.1,26.9,55.0,100,6,7.7,14.3,22,57.7,64.2,98.9,96.6,88.3,79.9,63.4,108.7,106.2,97.2,87.8,364,0,0,0,0,0,0.0,0.0,0.0,0.0
191WY105,191,31.6,5580,1.6,20.4,55.0,100,6,7.7,14.3,22,45.6,52.1,86.8,84.5,76.2,67.8,70.6,134.5,131.0,118.2,105.0,364,0,0,0,0,0,0.0,0.0,0.0,0.0
191WY106,191,57.5,8880,2.5,23.3,55.0,100,6,7.7,14.3,22,50.9,57.5,92.1,89.8,81.6,73.1,125.5,227.2,221.6,201.2,180.3,364,0,0,0,0,0,0.0,0.0,0.0,0.0
191WY107,191,24.0,3840,1.1,22.5,55.0,100,6,7.7,14.3,22,49.4,56.0,90.6,88.4,80.1,71.6,52.7,96.7,94.2,85.4,76.4,364,0,0,0,0,0,0.0,0.0,0.0,0.0
191WY108,191,71.8,8700,2.4,29.7,55.0,100,6,7.7,14.3,22,62.8,69.3,104.0,101.7,93.4,85.0,151.7,251.3,245.8,225.8,205.4,364,0,0,0,0,0,0.0,0.0,0.0,0.0
191WY109,191,111.8,13740,3.8,29.3,55.0,100,6,7.7,14.3,22,62.0,68.6,103.2,100.9,92.7,84.2,236.7,393.9,385.2,353.7,321.4,364,0,1,1,0,0,29.9,21.2,0.0,0.0
191WY110,191,31.6,5580,1.6,20.4,55.0,100,6,7.7,14.3,22,45.6,52.1,86.8,84.5,76.2,67.8,70.6,134.5,131.0,118.2,105.0,364,0,0,0,0,0,0.0,0.0,0.0,0.0
191WY111,191,21.4,3540,1.0,21.8,55.0,100,6,7.7,14.3,22,48.1,54.7,89.3,87.0,78.8,70.3,47.3,87.8,85.6,77.5,69.1,364,0,0,0,0,0,0.0,0.0,0.0,0.0
191WY112,191,16.6,2640,0.7,22.7,55.0,100,6,7.7,14.3,22,49.8,56.3,91.0,88.7,80.4,72.0,36.5,66.7,65.0,59.0,52.8,364,0,0,0,0,0,0.0,0.0,0.0,0.0
191WY113,191,23.6,3540,1.0,24.0,55.0,100,6,7.7,14.3,22,52.3,58.8,93.5,91.2,82.9,74.5,51.4,91.9,89.7,81.6,73.2,364,0,0,0,0,0,0.0,0.0,0.0,0.0
191WY114,191,15.0,3420,1.0,15.8,55.0,100,6,7.7,14.3,22,37.2,43.8,78.4,76.1,67.9,59.4,35.3,74.5,72.3,64.5,56.4,364,0,0,0,0,0,0.0,0.0,0.0,0.0
191WY115,191,21.4,3000,0.8,25.7,55.0,100,6,7.7,14.3,22,55.3,61.9,96.5,94.3,86.0,77.5,46.1,80.5,78.6,71.7,64.6,364,0,0,0,0,0,0.0,0.0,0.0,0.0
191WY116,191,140.2,16320,4.5,30.9,55.0,100,6,7.7,14.3,22,65.1,71.7,106.3,104.0,95.8,87.3,295.1,481.8,471.5,434.1,395.7,364,0,1,1,1,1,117.8,107.5,70.1,31.7
191WY117,191,181.3,20220,5.6,32.3,65.0,100,6,7.7,14.3,22,65.4,74.2,108.8,106.6,98.3,89.8,367.4,611.2,598.5,552.1,504.5,364,1,1,1,1,1,247.2,234.5,188.1,140.5
191WY118,191,58.0,10260,2.9,20.3,55.0,100,6,7.7,14.3,22,45.5,52.1,86.7,84.4,76.1,67.7,129.6,247.0,240.5,217.0,192.9,364,0,0,0,0,0,0.0,0.0,0.0,0.0
191WY119,191,34.7,4680,1.3,26.7,55.0,100,6,7.7,14.3,22,57.1,63.7,98.3,96.1,87.8,79.3,74.3,127.8,124.9,114.2,103.2,364,0,0,0,0,0,0.0,0.0,0.0,0.0
191WY120,191,16.6,2640,0.7,22.7,55.0,100,6,7.7,14.3,22,49.8,56.3,91.0,88.7,80.4,72.0,36.5,66.7,65.0,59.0,52.8,364,0,0,0,0,0,0.0,0.0,0.0,0.0
191WY121,191,57.2,5820,1.6,35.4,55.0,100,6,7.7,14.3,22,73.4,80.0,114.6,112.3,104.1,95.6,118.6,185.2,181.6,168.2,154.5,364,0,0,0,0,0,0.0,0.0,0.0,0.0
191WY122,191,112.7,13380,3.7,30.3,55.0,100,6,7.7,14.3,22,63.9,70.5,105.1,102.8,94.6,86.1,237.6,390.7,382.3,351.6,320.1,364,0,1,1,0,0,26.7,18.3,0.0,0.0
191WY123,191,53.2,7500,2.1,25.5,55.0,100,6,7.7,14.3,22,55.0,61.6,96.2,94.0,85.7,77.2,114.6,200.5,195.7,178.5,160.9,364,0,0,0,0,0,0.0,0.0,0.0,0.0
191WY124,191,131.1,13680,3.8,34.5,55.0,100,6,7.7,14.3,22,71.8,78.4,113.0,110.7,102.5,94.0,272.8,429.3,420.7,389.4,357.2,364,0,1,1,1,0,65.3,56.7,25.4,0.0
191WY125,191,50.6,5700,1.6,32.0,55.0,100,6,7.7,14.3,22,67.1,73.6,108.3,106.0,97.7,89.3,106.2,171.4,167.8,154.7,141.3,364,0,0,0,0,0,0.0,0.0,0.0,0.0
191WY126,191,34.9,3900,1.1,32.2,55.0,100,6,7.7,14.3,22,67.4,74.0,108.6,106.4,98.1,89.7,73.1,117.7,115.2,106.3,97.1,364,0,0,0,0,0,0.0,0.0,0.0,0.0
191WY127,191,43.7,5820,1.6,27.1,55.0,100,6,7.7,14.3,22,57.9,64.4,99.0,96.8,88.5,80.1,93.5,160.1,156.5,143.1,129.4,364,0,0,0,0,0,0.0,0.0,0.0,0.0
191WY128,191,98.8,15660,4.4,22.7,55.0,100,6,7.7,14.3,22,49.8,56.4,91.0,88.7,80.5,72.0,216.7,395.9,386.0,350.1,313.3,364,0,1,1,0,0,31.9,22.0,0.0,0.0
191WY129,191,96.7,11820,3.3,29.5,55.0,100,6,7.7,14.3,22,62.3,68.9,103.5,101.2,93.0,84.5,204.6,339.9,332.4,305.3,277.5,364,0,0,0,0,0,0.0,0.0,0.0,0.0
191WY130,191,57.2,5580,1.6,36.9,55.0,100,6,7.7,14.3,22,76.3,82.8,117.5,115.2,106.9,98.5,118.2,182.1,178.5,165.7,152.6,364,0,0,0,0,0,0.0,0.0,0.0,0.0
191WY131,191,19.4,4200,1.2,16.6,55.0,100,6,7.7,14.3,22,38.8,45.3,80.0,77.7,69.4,61.0,45.2,93.3,90.6,81.0,71.1,364,0,0,0,0,0,0.0,0.0,0.0,0.0
191WY132,191,27.8,3480,1.0,28.8,55.0,100,6,7.7,14.3,22,61.1,67.7,102.3,100.0,91.8,83.3,59.1,98.9,96.7,88.7,80.5,364,0,0,0,0,0,0.0,0.0,0.0,0.0
191WY133,191,15.0,3420,1.0,15.8,55.0,100,6,7.7,14.3,22,37.2,43.8,78.4,76.1,67.9,59.4,35.3,74.5,72.3,64.5,56.4,364,0,0,0,0,0,0.0,0.0,0.0,0.0
191WY134,191,27.8,3300,0.9,30.4,55.0,100,6,7.7,14.3,22,64.1,70.6,105.3,103.0,94.7,86.3,58.7,96.5,94.4,86.8,79.1,364,0,0,0,0,0,0.0,0.0,0.0,0.0
191WY135,191,20.4,1980,0.6,37.0,55.0,100,6,7.7,14.3,22,76.6,83.1,117.8,115.5,107.2,98.8,42.1,64.8,63.5,59.0,54.3,364,0,0,0,0,0,0.0,0.0,0.0,0.0
194WY001,194,177.2,20400,5.7,31.3,65.0,100,6,7.7,14.3,22,63.5,72.3,106.9,104.6,96.4,87.9,359.8,605.8,592.9,546.1,498.1,364,0,1,1,1,1,241.8,228.9,182.1,134.1
194WY002,194,171.7,20100,5.6,30.8,55.0,100,6,7.7,14.3,22,64.8,71.3,106.0,103.7,95.4,87.0,361.6,591.6,578.9,532.8,485.5,364,0,1,1,1,1,227.6,214.9,168.8,121.5
194WY003,194,177.2,21180,5.9,30.1,65.0,100,6,7.7,14.3,22,61.3,70.1,104.7,102.5,94.2,85.8,360.9,616.3,602.9,554.3,504.5,364,0,1,1,1,1,252.3,238.9,190.3,140.5
194WY004,194,166.3,17940,5.0,33.4,55.0,100,6,7.7,14.3,22,69.7,76.2,110.9,108.6,100.3,91.9,347.1,552.4,541.1,500.0,457.8,364,0,1,1,1,1,188.4,177.1,136.0,93.8
194WY005,194,174.4,18360,5.1,34.2,55.0,100,6,7.7,14.3,22,71.2,77.8,112.4,110.2,101.9,93.4,363.2,573.4,561.8,519.7,476.5,364,0,1,1,1,1,209.4,197.8,155.7,112.5
194WY006,194,174.4,18840,5.2,33.3,65.0,100,6,7.7,14.3,22,67.4,76.2,110.8,108.5,100.3,91.8,352.6,579.8,567.9,524.7,480.4,364,0,1,1,1,1,215.8,203.9,160.7,116.4
194WY007,194,53.5,6120,1.7,31.5,55.0,100,6,7.7,14.3,22,66.1,72.7,107.3,105.0,96.8,88.3,112.4,182.4,178.6,164.5,150.1,364,0,0,0,0,0,0.0,0.0,0.0,0.0
194WY008,194,57.4,7020,2.0,29.4,55.0,100,6,7.7,14.3,22,62.3,68.9,103.5,101.2,93.0,84.5,121.5,201.8,197.4,181.3,164.7,364,0,0,0,0,0,0.0,0.0,0.0,0.0
194WY009,194,172.8,18540,5.2,33.6,55.0,100,6,7.7,14.3,22,70.0,76.6,111.2,108.9,100.7,92.2,360.5,572.7,561.0,518.5,474.9,364,0,1,1,1,1,208.7,197.0,154.5,110.9
194WY010,194,102.8,12180,3.4,30.4,55.0,100,6,7.7,14.3,22,64.1,70.7,105.3,103.0,94.7,86.3,216.8,356.2,348.5,320.6,291.9,364,0,0,0,0,0,0.0,0.0,0.0,0.0
194WY011,194,53.6,6420,1.8,30.0,55.0,100,6,7.7,14.3,22,63.4,70.0,104.6,102.3,94.1,85.6,113.1,186.6,182.5,167.8,152.7,364,0,0,0,0,0,0.0,0.0,0.0,0.0
194WY012,194,29.9,3840,1.1,28.0,55.0,100,6,7.7,14.3,22,59.6,66.2,100.8,98.5,90.3,81.8,63.6,107.5,105.1,96.3,87.2,364,0,0,0,0,0,0.0,0.0,0.0,0.0
194WY013,194,65.2,6600,1.8,35.6,55.0,100,6,7.7,14.3,22,73.8,80.4,115.0,112.8,104.5,96.0,135.4,210.9,206.7,191.6,176.1,364,0,0,0,0,0,0.0,0.0,0.0,0.0
194WY014,194,33.7,4260,1.2,28.5,55.0,100,6,7.7,14.3,22,60.5,67.1,101.7,99.4,91.1,82.7,71.6,120.3,117.6,107.9,97.8,364,0,0,0,0,0,0.0,0.0,0.0,0.0
194WY015,194,67.2,7320,2.0,33.0,55.0,100,6,7.7,14.3,22,69.0,75.6,110.2,108.0,99.7,91.3,140.4,224.2,219.5,202.8,185.5,364,0,0,0,0,0,0.0,0.0,0.0,0.0
194WY016,194,42.4,4800,1.3,31.8,55.0,100,6,7.7,14.3,22,66.7,73.3,107.9,105.6,97.3,88.9,88.9,143.8,140.8,129.8,118.5,364,0,0,0,0,0,0.0,0.0,0.0,0.0
194WY017,194,33.7,4260,1.2,28.5,55.0,100,6,7.7,14.3,22,60.5,67.1,101.7,99.4,91.1,82.7,71.6,120.3,117.6,107.9,97.8,364,0,0,0,0,0,0.0,0.0,0.0,0.0
194WY018,194,22.5,2760,0.8,29.3,55.0,100,6,7.7,14.3,22,62.1,68.7,103.3,101.0,92.8,84.3,47.6,79.2,77.4,71.1,64.6,364,0,0,0,0,0,0.0,0.0,0.0,0.0
194WY019,194,22.5,2760,0.8,29.3,55.0,100,6,7.7,14.3,22,62.1,68.7,103.3,101.0,92.8,84.3,47.6,79.2,77.4,71.1,64.6,364,0,0,0,0,0,0.0,0.0,0.0,0.0
194WY020,194,20.1,2280,0.6,31.8,55.0,100,6,7.7,14.3,22,66.7,73.3,107.9,105.6,97.4,88.9,42.2,68.3,66.9,61.7,56.3,364,0,0,0,0,0,0.0,0.0,0.0,0.0
194WY021,194,114.3,12360,3.4,33.3,55.0,100,6,7.7,14.3,22,69.5,76.1,110.7,108.4,100.2,91.7,238.6,380.1,372.3,344.0,314.9,364,0,1,1,0,0,16.1,8.3,0.0,0.0
194WY022,194,64.6,7260,2.0,32.0,55.0,100,6,7.7,14.3,22,67.1,73.7,108.3,106.0,97.8,89.3,135.3,218.4,213.8,197.2,180.1,364,0,0,0,0,0,0.0,0.0,0.0,0.0
194WY023,194,100.4,9960,2.8,36.3,55.0,100,6,7.7,14.3,22,75.1,81.7,116.3,114.1,105.8,97.3,207.9,321.9,315.6,292.7,269.3,364,0,0,0,0,0,0.0,0.0,0.0,0.0
194WY024,194,63.8,6240,1.7,36.8,55.0,100,6,7.7,14.3,22,76.1,82.7,117.3,115.0,106.8,98.3,131.9,203.3,199.4,185.1,170.4,364,0,0,0,0,0,0.0,0.0,0.0,0.0
194WY025,194,107.5,11640,3.2,33.2,55.0,100,6,7.7,14.3,22,69.4,76.0,110.6,108.3,100.1,91.6,224.4,357.6,350.3,323.6,296.2,364,0,0,0,0,0,0.0,0.0,0.0,0.0
194WY026,194,21.6,2460,0.7,31.6,55.0,100,6,7.7,14.3,22,66.3,72.9,107.5,105.3,97.0,88.6,45.3,73.5,71.9,66.3,60.5,364,0,0,0,0,0,0.0,0.0,0.0,0.0
194WY027,194,47.3,7080,2.0,24.0,55.0,100,6,7.7,14.3,22,52.3,58.8,93.5,91.2,82.9,74.5,102.8,183.8,179.3,163.1,146.5,364,0,0,0,0,0,0.0,0.0,0.0,0.0
194WY028,194,75.8,9480,2.6,28.8,55.0,100,6,7.7,14.3,22,61.1,67.6,102.3,100.0,91.7,83.3,160.8,269.3,263.3,241.6,219.2,364,0,0,0,0,0,0.0,0.0,0.0,0.0
194WY029,194,21.6,2460,0.7,31.6,55.0,100,6,7.7,14.3,22,66.3,72.9,107.5,105.3,97.0,88.6,45.3,73.5,71.9,66.3,60.5,364,0,0,0,0,0,0.0,0.0,0.0,0.0
194WY030,194,43.2,4440,1.2,35.0,55.0,100,6,7.7,14.3,22,72.8,79.3,114.0,111.7,103.4,95.0,89.7,140.6,137.8,127.6,117.1,364,0,0,0,0,0,0.0,0.0,0.0,0.0
194WY031,194,21.6,2460,0.7,31.6,55.0,100,6,7.7,14.3,22,66.3,72.9,107.5,105.3,97.0,88.6,45.3,73.5,71.9,66.3,60.5,364,0,0,0,0,0,0.0,0.0,0.0,0.0
194WY032,194,153.8,16080,4.5,34.4,55.0,100,6,7.7,14.3,22,71.7,78.3,112.9,110.6,102.3,93.9,320.1,504.2,494.0,457.1,419.3,364,0,1,1,1,1,140.2,130.0,93.1,55.3
194WY033,194,38.2,4620,1.3,29.8,55.0,100,6,7.7,14.3,22,62.9,69.5,104.1,101.9,93.6,85.2,80.8,133.7,130.7,120.1,109.3,364,0,0,0,0,0,0.0,0.0,0.0,0.0
194WY034,194,48.9,6060,1.7,29.1,55.0,100,6,7.7,14.3,22,61.6,68.2,102.8,100.5,92.3,83.8,103.7,173.1,169.2,155.3,141.1,364,0,0,0,0,0,0.0,0.0,0.0,0.0
194WY035,194,42.2,4140,1.2,36.7,55.0,100,6,7.7,14.3,22,75.9,82.5,117.1,114.8,106.6,98.1,87.3,134.6,132.0,122.5,112.8,364,0,0,0,0,0,0.0,0.0,0.0,0.0
194WY036,194,31.4,3720,1.0,30.4,55.0,100,6,7.7,14.3,22,64.0,70.6,105.2,103.0,94.7,86.2,66.2,108.7,106.4,97.9,89.1,364,0,0,0,0,0,0.0,0.0,0.0,0.0
194WY037,194,86.3,7380,2.1,42.1,55.0,100,6,7.7,14.3,22,86.1,92.7,127.3,125.1,116.8,108.3,176.6,261.0,256.4,239.4,222.1,364,0,0,0,0,0,0.0,0.0,0.0,0.0
194WY038,194,80.3,7260,2.0,39.8,55.0,100,6,7.7,14.3,22,81.9,88.4,123.1,120.8,112.5,104.1,165.1,248.2,243.6,226.9,209.9,364,0,0,0,0,0,0.0,0.0,0.0,0.0
194WY039,194,101.2,10200,2.8,35.7,55.0,100,6,7.7,14.3,22,74.1,80.7,115.3,113.0,104.8,96.3,209.9,326.7,320.2,296.9,272.9,364,0,0,0,0,0,0.0,0.0,0.0,0.0
194WY040,194,148.9,14640,4.1,36.6,55.0,100,6,7.7,14.3,22,75.8,82.4,117.0,114.7,106.5,98.0,308.2,475.7,466.5,432.9,398.5,364,0,1,1,1,1,111.7,102.5,68.9,34.5
194WY041,194,42.2,3960,1.1,38.3,55.0,100,6,7.7,14.3,22,79.0,85.6,120.2,118.0,109.7,101.2,86.9,132.2,129.7,120.7,111.4,364,0,0,0,0,0,0.0,0.0,0.0,0.0
194WY042,194,21.6,2160,0.6,36.0,55.0,100,6,7.7,14.3,22,74.6,81.2,115.8,113.5,105.3,96.8,44.8,69.5,68.1,63.2,58.1,364,0,0,0,0,0,0.0,0.0,0.0,0.0